NL:      000.00.0  ,  For standard cost code                     ,1, =    ,0,L.Office,001,Leasing-Office,20.110,DW Ceiling/Walls Prime Coat, 22 
NL:      000.00.0  ,  For standard cost code                     ,1, =    ,0,L.Office,001,Leasing-Office,21.120,DW Walls/Columns 1st. Finish Coat, 20 
NL:      000.00.0  ,  For standard cost code                     ,1, =    ,0,L.Office,001,Leasing-Office,21.130,DW Walls/Columns 2nd.Finish Coat, 28 
NL:      000.00.0  ,  For standard cost code                     ,1, =    ,0,L.Office,001,Leasing-Office,22.120,DW Ceilings 1st.and 2nd.Finish Coat, 6 
NL:      000.00.0  ,  For standard cost code                     ,1, =    ,0,L.Office,001,Leasing-Office,28.100,Prep. Frames/Doors, 8 
NL:      000.00.0  ,  For standard cost code                     ,1, =    ,0,L.Office,001,Leasing-Office,28.110,1st.and 2nd.Finish Coat Frames/Doors, 16 
NL:      000.00.0  ,  For standard cost code                     ,1, =    ,0,L.Office,001,Leasing-Office,40.300,"Exterior items(Wood,Railing,under porch,Lintels etc.)", 2 
NL:      000.00.0  ,  For standard cost code                     ,1, =    ,0,L.Office,001,Leasing-Office,40.301,"Drywall work (Drywall, finish,point up)", 26 
NL:      000.00.0  ,  For standard cost code                     ,1, =    ,0,L.Office,001,Leasing-Office,50.801,"Stair metal/Prep/Prime/Finish (stairs,walls,ceiling,handrails)", 2 
NL:      000.00.0  ,  For standard cost code                     ,1, =    ,1,Bldg.01,1804D,Unit 1804D,20.110,DW Ceiling/Walls Prime Coat, 17 
NL:      000.00.0  ,  For standard cost code                     ,1, =    ,1,Bldg.01,1804D,Unit 1804D,21.120,DW Walls/Columns 1st. Finish Coat, 15 
NL:      000.00.0  ,  For standard cost code                     ,1, =    ,1,Bldg.01,1804D,Unit 1804D,21.130,DW Walls/Columns 2nd.Finish Coat, 22 
NL:      000.00.0  ,  For standard cost code                     ,1, =    ,1,Bldg.01,1804D,Unit 1804D,22.120,DW Ceilings 1st.and 2nd.Finish Coat, 6 
NL:      000.00.0  ,  For standard cost code                     ,1, =    ,1,Bldg.01,1804D,Unit 1804D,28.100,Prep. Frames/Doors, 13 
NL:      000.00.0  ,  For standard cost code                     ,1, =    ,1,Bldg.01,1804D,Unit 1804D,28.110,1st.and 2nd.Finish Coat Frames/Doors, 31 
NL:      000.00.0  ,  For standard cost code                     ,1, =    ,1,Bldg.01,1804D,Unit 1804D,40.300,"Exterior items(Wood,Railing,under porch,Lintels etc.)", 4 
NL:      000.00.0  ,  For standard cost code                     ,1, =    ,1,Bldg.01,1804D,Unit 1804D,40.301,"Drywall work (Drywall, finish,point up)", 41 
NL:      000.00.0  ,  For standard cost code                     ,1, =    ,1,Bldg.01,1804D,Unit 1804D,50.801,"Stair metal/Prep/Prime/Finish (stairs,walls,ceiling,handrails)", 40 
NL:      000.00.0  ,  For standard cost code                     ,1, =    ,1,Bldg.01,1806D,Unit 1806D,20.110,DW Ceiling/Walls Prime Coat, 17 
NL:      000.00.0  ,  For standard cost code                     ,1, =    ,1,Bldg.01,1806D,Unit 1806D,21.120,DW Walls/Columns 1st. Finish Coat, 15 
NL:      000.00.0  ,  For standard cost code                     ,1, =    ,1,Bldg.01,1806D,Unit 1806D,21.130,DW Walls/Columns 2nd.Finish Coat, 22 
NL:      000.00.0  ,  For standard cost code                     ,1, =    ,1,Bldg.01,1806D,Unit 1806D,22.120,DW Ceilings 1st.and 2nd.Finish Coat, 6 
NL:      000.00.0  ,  For standard cost code                     ,1, =    ,1,Bldg.01,1806D,Unit 1806D,28.100,Prep. Frames/Doors, 13 
NL:      000.00.0  ,  For standard cost code                     ,1, =    ,1,Bldg.01,1806D,Unit 1806D,28.110,1st.and 2nd.Finish Coat Frames/Doors, 31 
NL:      000.00.0  ,  For standard cost code                     ,1, =    ,1,Bldg.01,1806D,Unit 1806D,40.300,"Exterior items(Wood,Railing,under porch,Lintels etc.)", 4 
NL:      000.00.0  ,  For standard cost code                     ,1, =    ,1,Bldg.01,1806D,Unit 1806D,40.301,"Drywall work (Drywall, finish,point up)", 41 
NL:      000.00.0  ,  For standard cost code                     ,1, =    ,1,Bldg.01,1806D,Unit 1806D,50.801,"Stair metal/Prep/Prime/Finish (stairs,walls,ceiling,handrails)", 40 
NL:      000.00.0  ,  For standard cost code                     ,1, =    ,1,Bldg.01,1808D,Unit 1808D,20.110,DW Ceiling/Walls Prime Coat, 17 
NL:      000.00.0  ,  For standard cost code                     ,1, =    ,1,Bldg.01,1808D,Unit 1808D,21.120,DW Walls/Columns 1st. Finish Coat, 15 
NL:      000.00.0  ,  For standard cost code                     ,1, =    ,1,Bldg.01,1808D,Unit 1808D,21.130,DW Walls/Columns 2nd.Finish Coat, 22 
NL:      000.00.0  ,  For standard cost code                     ,1, =    ,1,Bldg.01,1808D,Unit 1808D,22.120,DW Ceilings 1st.and 2nd.Finish Coat, 6 
NL:      000.00.0  ,  For standard cost code                     ,1, =    ,1,Bldg.01,1808D,Unit 1808D,28.100,Prep. Frames/Doors, 13 
NL:      000.00.0  ,  For standard cost code                     ,1, =    ,1,Bldg.01,1808D,Unit 1808D,28.110,1st.and 2nd.Finish Coat Frames/Doors, 31 
NL:      000.00.0  ,  For standard cost code                     ,1, =    ,1,Bldg.01,1808D,Unit 1808D,40.300,"Exterior items(Wood,Railing,under porch,Lintels etc.)", 4 
NL:      000.00.0  ,  For standard cost code                     ,1, =    ,1,Bldg.01,1808D,Unit 1808D,40.301,"Drywall work (Drywall, finish,point up)", 41 
NL:      000.00.0  ,  For standard cost code                     ,1, =    ,1,Bldg.01,1808D,Unit 1808D,50.801,"Stair metal/Prep/Prime/Finish (stairs,walls,ceiling,handrails)", 40 
NL:      000.00.0  ,  For standard cost code                     ,1, =    ,1,Bldg.01,1810C,Unit 1810C,20.110,DW Ceiling/Walls Prime Coat, 13 
NL:      000.00.0  ,  For standard cost code                     ,1, =    ,1,Bldg.01,1810C,Unit 1810C,21.120,DW Walls/Columns 1st. Finish Coat, 11 
NL:      000.00.0  ,  For standard cost code                     ,1, =    ,1,Bldg.01,1810C,Unit 1810C,21.130,DW Walls/Columns 2nd.Finish Coat, 16 
NL:      000.00.0  ,  For standard cost code                     ,1, =    ,1,Bldg.01,1810C,Unit 1810C,22.120,DW Ceilings 1st.and 2nd.Finish Coat, 4 
NL:      000.00.0  ,  For standard cost code                     ,1, =    ,1,Bldg.01,1810C,Unit 1810C,28.100,Prep. Frames/Doors, 12 
NL:      000.00.0  ,  For standard cost code                     ,1, =    ,1,Bldg.01,1810C,Unit 1810C,28.110,1st.and 2nd.Finish Coat Frames/Doors, 28 
NL:      000.00.0  ,  For standard cost code                     ,1, =    ,1,Bldg.01,1810C,Unit 1810C,40.300,"Exterior items(Wood,Railing,under porch,Lintels etc.)", 2 
NL:      000.00.0  ,  For standard cost code                     ,1, =    ,1,Bldg.01,1810C,Unit 1810C,40.301,"Drywall work (Drywall, finish,point up)", 35 
NL:      000.00.0  ,  For standard cost code                     ,1, =    ,1,Bldg.01,1810C,Unit 1810C,50.801,"Stair metal/Prep/Prime/Finish (stairs,walls,ceiling,handrails)", 40 
NL:      000.00.0  ,  For standard cost code                     ,1, =    ,1,Bldg.01,1812C,Unit 1812C,20.110,DW Ceiling/Walls Prime Coat, 13 
NL:      000.00.0  ,  For standard cost code                     ,1, =    ,1,Bldg.01,1812C,Unit 1812C,21.120,DW Walls/Columns 1st. Finish Coat, 11 
NL:      000.00.0  ,  For standard cost code                     ,1, =    ,1,Bldg.01,1812C,Unit 1812C,21.130,DW Walls/Columns 2nd.Finish Coat, 16 
NL:      000.00.0  ,  For standard cost code                     ,1, =    ,1,Bldg.01,1812C,Unit 1812C,22.120,DW Ceilings 1st.and 2nd.Finish Coat, 4 
NL:      000.00.0  ,  For standard cost code                     ,1, =    ,1,Bldg.01,1812C,Unit 1812C,28.100,Prep. Frames/Doors, 12 
NL:      000.00.0  ,  For standard cost code                     ,1, =    ,1,Bldg.01,1812C,Unit 1812C,28.110,1st.and 2nd.Finish Coat Frames/Doors, 28 
NL:      000.00.0  ,  For standard cost code                     ,1, =    ,1,Bldg.01,1812C,Unit 1812C,40.300,"Exterior items(Wood,Railing,under porch,Lintels etc.)", 2 
NL:      000.00.0  ,  For standard cost code                     ,1, =    ,1,Bldg.01,1812C,Unit 1812C,40.301,"Drywall work (Drywall, finish,point up)", 35 
NL:      000.00.0  ,  For standard cost code                     ,1, =    ,1,Bldg.01,1812C,Unit 1812C,50.801,"Stair metal/Prep/Prime/Finish (stairs,walls,ceiling,handrails)", 40 
NL:      000.00.0  ,  For standard cost code                     ,1, =    ,1,Bldg.01,1814D,Unit 1814D,20.110,DW Ceiling/Walls Prime Coat, 17 
NL:      000.00.0  ,  For standard cost code                     ,1, =    ,1,Bldg.01,1814D,Unit 1814D,21.120,DW Walls/Columns 1st. Finish Coat, 15 
NL:      000.00.0  ,  For standard cost code                     ,1, =    ,1,Bldg.01,1814D,Unit 1814D,21.130,DW Walls/Columns 2nd.Finish Coat, 22 
NL:      000.00.0  ,  For standard cost code                     ,1, =    ,1,Bldg.01,1814D,Unit 1814D,22.120,DW Ceilings 1st.and 2nd.Finish Coat, 6 
NL:      000.00.0  ,  For standard cost code                     ,1, =    ,1,Bldg.01,1814D,Unit 1814D,28.100,Prep. Frames/Doors, 13 
NL:      000.00.0  ,  For standard cost code                     ,1, =    ,1,Bldg.01,1814D,Unit 1814D,28.110,1st.and 2nd.Finish Coat Frames/Doors, 31 
NL:      000.00.0  ,  For standard cost code                     ,1, =    ,1,Bldg.01,1814D,Unit 1814D,40.300,"Exterior items(Wood,Railing,under porch,Lintels etc.)", 4 
NL:      000.00.0  ,  For standard cost code                     ,1, =    ,1,Bldg.01,1814D,Unit 1814D,40.301,"Drywall work (Drywall, finish,point up)", 41 
NL:      000.00.0  ,  For standard cost code                     ,1, =    ,1,Bldg.01,1814D,Unit 1814D,50.801,"Stair metal/Prep/Prime/Finish (stairs,walls,ceiling,handrails)", 40 
NL:      000.00.0  ,  For standard cost code                     ,1, =    ,1,Bldg.01,1816D,Unit 1816D,20.110,DW Ceiling/Walls Prime Coat, 17 
NL:      000.00.0  ,  For standard cost code                     ,1, =    ,1,Bldg.01,1816D,Unit 1816D,21.120,DW Walls/Columns 1st. Finish Coat, 15 
NL:      000.00.0  ,  For standard cost code                     ,1, =    ,1,Bldg.01,1816D,Unit 1816D,21.130,DW Walls/Columns 2nd.Finish Coat, 22 
NL:      000.00.0  ,  For standard cost code                     ,1, =    ,1,Bldg.01,1816D,Unit 1816D,22.120,DW Ceilings 1st.and 2nd.Finish Coat, 6 
NL:      000.00.0  ,  For standard cost code                     ,1, =    ,1,Bldg.01,1816D,Unit 1816D,28.100,Prep. Frames/Doors, 13 
NL:      000.00.0  ,  For standard cost code                     ,1, =    ,1,Bldg.01,1816D,Unit 1816D,28.110,1st.and 2nd.Finish Coat Frames/Doors, 31 
NL:      000.00.0  ,  For standard cost code                     ,1, =    ,1,Bldg.01,1816D,Unit 1816D,40.300,"Exterior items(Wood,Railing,under porch,Lintels etc.)", 4 
NL:      000.00.0  ,  For standard cost code                     ,1, =    ,1,Bldg.01,1816D,Unit 1816D,40.301,"Drywall work (Drywall, finish,point up)", 41 
NL:      000.00.0  ,  For standard cost code                     ,1, =    ,1,Bldg.01,1816D,Unit 1816D,50.801,"Stair metal/Prep/Prime/Finish (stairs,walls,ceiling,handrails)", 40 
NL:      000.00.0  ,  For standard cost code                     ,1, =    ,1,Bldg.01,1818D,Unit 1818D,20.110,DW Ceiling/Walls Prime Coat, 17 
NL:      000.00.0  ,  For standard cost code                     ,1, =    ,1,Bldg.01,1818D,Unit 1818D,21.120,DW Walls/Columns 1st. Finish Coat, 15 
NL:      000.00.0  ,  For standard cost code                     ,1, =    ,1,Bldg.01,1818D,Unit 1818D,21.130,DW Walls/Columns 2nd.Finish Coat, 22 
NL:      000.00.0  ,  For standard cost code                     ,1, =    ,1,Bldg.01,1818D,Unit 1818D,22.120,DW Ceilings 1st.and 2nd.Finish Coat, 6 
NL:      000.00.0  ,  For standard cost code                     ,1, =    ,1,Bldg.01,1818D,Unit 1818D,28.100,Prep. Frames/Doors, 13 
NL:      000.00.0  ,  For standard cost code                     ,1, =    ,1,Bldg.01,1818D,Unit 1818D,28.110,1st.and 2nd.Finish Coat Frames/Doors, 31 
NL:      000.00.0  ,  For standard cost code                     ,1, =    ,1,Bldg.01,1818D,Unit 1818D,40.300,"Exterior items(Wood,Railing,under porch,Lintels etc.)", 4 
NL:      000.00.0  ,  For standard cost code                     ,1, =    ,1,Bldg.01,1818D,Unit 1818D,40.301,"Drywall work (Drywall, finish,point up)", 41 
NL:      000.00.0  ,  For standard cost code                     ,1, =    ,1,Bldg.01,1818D,Unit 1818D,50.801,"Stair metal/Prep/Prime/Finish (stairs,walls,ceiling,handrails)", 40 
NL:      000.00.0  ,  For standard cost code                     ,1, =    ,1,Bldg.01,1820C,Unit 1820C,20.110,DW Ceiling/Walls Prime Coat, 13 
NL:      000.00.0  ,  For standard cost code                     ,1, =    ,1,Bldg.01,1820C,Unit 1820C,21.120,DW Walls/Columns 1st. Finish Coat, 11 
NL:      000.00.0  ,  For standard cost code                     ,1, =    ,1,Bldg.01,1820C,Unit 1820C,21.130,DW Walls/Columns 2nd.Finish Coat, 16 
NL:      000.00.0  ,  For standard cost code                     ,1, =    ,1,Bldg.01,1820C,Unit 1820C,22.120,DW Ceilings 1st.and 2nd.Finish Coat, 4 
NL:      000.00.0  ,  For standard cost code                     ,1, =    ,1,Bldg.01,1820C,Unit 1820C,28.100,Prep. Frames/Doors, 12 
NL:      000.00.0  ,  For standard cost code                     ,1, =    ,1,Bldg.01,1820C,Unit 1820C,28.110,1st.and 2nd.Finish Coat Frames/Doors, 28 
NL:      000.00.0  ,  For standard cost code                     ,1, =    ,1,Bldg.01,1820C,Unit 1820C,40.300,"Exterior items(Wood,Railing,under porch,Lintels etc.)", 2 
NL:      000.00.0  ,  For standard cost code                     ,1, =    ,1,Bldg.01,1820C,Unit 1820C,40.301,"Drywall work (Drywall, finish,point up)", 35 
NL:      000.00.0  ,  For standard cost code                     ,1, =    ,1,Bldg.01,1820C,Unit 1820C,50.801,"Stair metal/Prep/Prime/Finish (stairs,walls,ceiling,handrails)", 40 
NL:      000.00.0  ,  For standard cost code                     ,1, =    ,1,Bldg.01,1822C,Unit 1822C,20.110,DW Ceiling/Walls Prime Coat, 13 
NL:      000.00.0  ,  For standard cost code                     ,1, =    ,1,Bldg.01,1822C,Unit 1822C,21.120,DW Walls/Columns 1st. Finish Coat, 11 
NL:      000.00.0  ,  For standard cost code                     ,1, =    ,1,Bldg.01,1822C,Unit 1822C,21.130,DW Walls/Columns 2nd.Finish Coat, 16 
NL:      000.00.0  ,  For standard cost code                     ,1, =    ,1,Bldg.01,1822C,Unit 1822C,22.120,DW Ceilings 1st.and 2nd.Finish Coat, 4 
NL:      000.00.0  ,  For standard cost code                     ,1, =    ,1,Bldg.01,1822C,Unit 1822C,28.100,Prep. Frames/Doors, 12 
NL:      000.00.0  ,  For standard cost code                     ,1, =    ,1,Bldg.01,1822C,Unit 1822C,28.110,1st.and 2nd.Finish Coat Frames/Doors, 28 
NL:      000.00.0  ,  For standard cost code                     ,1, =    ,1,Bldg.01,1822C,Unit 1822C,40.300,"Exterior items(Wood,Railing,under porch,Lintels etc.)", 2 
NL:      000.00.0  ,  For standard cost code                     ,1, =    ,1,Bldg.01,1822C,Unit 1822C,40.301,"Drywall work (Drywall, finish,point up)", 35 
NL:      000.00.0  ,  For standard cost code                     ,1, =    ,1,Bldg.01,1822C,Unit 1822C,50.801,"Stair metal/Prep/Prime/Finish (stairs,walls,ceiling,handrails)", 40 
NL:      000.00.0  ,  For standard cost code                     ,1, =    ,2,Bldg.02,1824D,Unit 1824D,20.110,DW Ceiling/Walls Prime Coat, 17 
NL:      000.00.0  ,  For standard cost code                     ,1, =    ,2,Bldg.02,1824D,Unit 1824D,21.120,DW Walls/Columns 1st. Finish Coat, 15 
NL:      000.00.0  ,  For standard cost code                     ,1, =    ,2,Bldg.02,1824D,Unit 1824D,21.130,DW Walls/Columns 2nd.Finish Coat, 22 
NL:      000.00.0  ,  For standard cost code                     ,1, =    ,2,Bldg.02,1824D,Unit 1824D,22.120,DW Ceilings 1st.and 2nd.Finish Coat, 6 
NL:      000.00.0  ,  For standard cost code                     ,1, =    ,2,Bldg.02,1824D,Unit 1824D,28.100,Prep. Frames/Doors, 13 
NL:      000.00.0  ,  For standard cost code                     ,1, =    ,2,Bldg.02,1824D,Unit 1824D,28.110,1st.and 2nd.Finish Coat Frames/Doors, 31 
NL:      000.00.0  ,  For standard cost code                     ,1, =    ,2,Bldg.02,1824D,Unit 1824D,40.300,"Exterior items(Wood,Railing,under porch,Lintels etc.)", 4 
NL:      000.00.0  ,  For standard cost code                     ,1, =    ,2,Bldg.02,1824D,Unit 1824D,40.301,"Drywall work (Drywall, finish,point up)", 41 
NL:      000.00.0  ,  For standard cost code                     ,1, =    ,2,Bldg.02,1824D,Unit 1824D,50.801,"Stair metal/Prep/Prime/Finish (stairs,walls,ceiling,handrails)", 40 
NL:      000.00.0  ,  For standard cost code                     ,1, =    ,2,Bldg.02,1826D,Unit 1826D,20.110,DW Ceiling/Walls Prime Coat, 17 
NL:      000.00.0  ,  For standard cost code                     ,1, =    ,2,Bldg.02,1826D,Unit 1826D,21.120,DW Walls/Columns 1st. Finish Coat, 15 
NL:      000.00.0  ,  For standard cost code                     ,1, =    ,2,Bldg.02,1826D,Unit 1826D,21.130,DW Walls/Columns 2nd.Finish Coat, 22 
NL:      000.00.0  ,  For standard cost code                     ,1, =    ,2,Bldg.02,1826D,Unit 1826D,22.120,DW Ceilings 1st.and 2nd.Finish Coat, 6 
NL:      000.00.0  ,  For standard cost code                     ,1, =    ,2,Bldg.02,1826D,Unit 1826D,28.100,Prep. Frames/Doors, 13 
NL:      000.00.0  ,  For standard cost code                     ,1, =    ,2,Bldg.02,1826D,Unit 1826D,28.110,1st.and 2nd.Finish Coat Frames/Doors, 31 
NL:      000.00.0  ,  For standard cost code                     ,1, =    ,2,Bldg.02,1826D,Unit 1826D,40.300,"Exterior items(Wood,Railing,under porch,Lintels etc.)", 4 
NL:      000.00.0  ,  For standard cost code                     ,1, =    ,2,Bldg.02,1826D,Unit 1826D,40.301,"Drywall work (Drywall, finish,point up)", 41 
NL:      000.00.0  ,  For standard cost code                     ,1, =    ,2,Bldg.02,1826D,Unit 1826D,50.801,"Stair metal/Prep/Prime/Finish (stairs,walls,ceiling,handrails)", 40 
NL:      000.00.0  ,  For standard cost code                     ,1, =    ,2,Bldg.02,1828D,Unit 1828D,20.110,DW Ceiling/Walls Prime Coat, 17 
NL:      000.00.0  ,  For standard cost code                     ,1, =    ,2,Bldg.02,1828D,Unit 1828D,21.120,DW Walls/Columns 1st. Finish Coat, 15 
NL:      000.00.0  ,  For standard cost code                     ,1, =    ,2,Bldg.02,1828D,Unit 1828D,21.130,DW Walls/Columns 2nd.Finish Coat, 22 
NL:      000.00.0  ,  For standard cost code                     ,1, =    ,2,Bldg.02,1828D,Unit 1828D,22.120,DW Ceilings 1st.and 2nd.Finish Coat, 6 
NL:      000.00.0  ,  For standard cost code                     ,1, =    ,2,Bldg.02,1828D,Unit 1828D,28.100,Prep. Frames/Doors, 13 
NL:      000.00.0  ,  For standard cost code                     ,1, =    ,2,Bldg.02,1828D,Unit 1828D,28.110,1st.and 2nd.Finish Coat Frames/Doors, 31 
NL:      000.00.0  ,  For standard cost code                     ,1, =    ,2,Bldg.02,1828D,Unit 1828D,40.300,"Exterior items(Wood,Railing,under porch,Lintels etc.)", 4 
NL:      000.00.0  ,  For standard cost code                     ,1, =    ,2,Bldg.02,1828D,Unit 1828D,40.301,"Drywall work (Drywall, finish,point up)", 41 
NL:      000.00.0  ,  For standard cost code                     ,1, =    ,2,Bldg.02,1828D,Unit 1828D,50.801,"Stair metal/Prep/Prime/Finish (stairs,walls,ceiling,handrails)", 40 
NL:      000.00.0  ,  For standard cost code                     ,1, =    ,3,Bldg.03,1830D,Unit 1830D,20.110,DW Ceiling/Walls Prime Coat, 17 
NL:      000.00.0  ,  For standard cost code                     ,1, =    ,3,Bldg.03,1830D,Unit 1830D,21.120,DW Walls/Columns 1st. Finish Coat, 15 
NL:      000.00.0  ,  For standard cost code                     ,1, =    ,3,Bldg.03,1830D,Unit 1830D,21.130,DW Walls/Columns 2nd.Finish Coat, 22 
NL:      000.00.0  ,  For standard cost code                     ,1, =    ,3,Bldg.03,1830D,Unit 1830D,22.120,DW Ceilings 1st.and 2nd.Finish Coat, 6 
NL:      000.00.0  ,  For standard cost code                     ,1, =    ,3,Bldg.03,1830D,Unit 1830D,28.100,Prep. Frames/Doors, 13 
NL:      000.00.0  ,  For standard cost code                     ,1, =    ,3,Bldg.03,1830D,Unit 1830D,28.110,1st.and 2nd.Finish Coat Frames/Doors, 31 
NL:      000.00.0  ,  For standard cost code                     ,1, =    ,3,Bldg.03,1830D,Unit 1830D,40.300,"Exterior items(Wood,Railing,under porch,Lintels etc.)", 4 
NL:      000.00.0  ,  For standard cost code                     ,1, =    ,3,Bldg.03,1830D,Unit 1830D,40.301,"Drywall work (Drywall, finish,point up)", 41 
NL:      000.00.0  ,  For standard cost code                     ,1, =    ,3,Bldg.03,1830D,Unit 1830D,50.801,"Stair metal/Prep/Prime/Finish (stairs,walls,ceiling,handrails)", 40 
NL:      000.00.0  ,  For standard cost code                     ,1, =    ,3,Bldg.03,1832D,Unit 1832D,20.110,DW Ceiling/Walls Prime Coat, 17 
NL:      000.00.0  ,  For standard cost code                     ,1, =    ,3,Bldg.03,1832D,Unit 1832D,21.120,DW Walls/Columns 1st. Finish Coat, 15 
NL:      000.00.0  ,  For standard cost code                     ,1, =    ,3,Bldg.03,1832D,Unit 1832D,21.130,DW Walls/Columns 2nd.Finish Coat, 22 
NL:      000.00.0  ,  For standard cost code                     ,1, =    ,3,Bldg.03,1832D,Unit 1832D,22.120,DW Ceilings 1st.and 2nd.Finish Coat, 6 
NL:      000.00.0  ,  For standard cost code                     ,1, =    ,3,Bldg.03,1832D,Unit 1832D,28.100,Prep. Frames/Doors, 13 
NL:      000.00.0  ,  For standard cost code                     ,1, =    ,3,Bldg.03,1832D,Unit 1832D,28.110,1st.and 2nd.Finish Coat Frames/Doors, 31 
NL:      000.00.0  ,  For standard cost code                     ,1, =    ,3,Bldg.03,1832D,Unit 1832D,40.300,"Exterior items(Wood,Railing,under porch,Lintels etc.)", 4 
NL:      000.00.0  ,  For standard cost code                     ,1, =    ,3,Bldg.03,1832D,Unit 1832D,40.301,"Drywall work (Drywall, finish,point up)", 41 
NL:      000.00.0  ,  For standard cost code                     ,1, =    ,3,Bldg.03,1832D,Unit 1832D,50.801,"Stair metal/Prep/Prime/Finish (stairs,walls,ceiling,handrails)", 40 
NL:      000.00.0  ,  For standard cost code                     ,1, =    ,3,Bldg.03,1834D,Unit 1834D,20.110,DW Ceiling/Walls Prime Coat, 17 
NL:      000.00.0  ,  For standard cost code                     ,1, =    ,3,Bldg.03,1834D,Unit 1834D,21.120,DW Walls/Columns 1st. Finish Coat, 15 
NL:      000.00.0  ,  For standard cost code                     ,1, =    ,3,Bldg.03,1834D,Unit 1834D,21.130,DW Walls/Columns 2nd.Finish Coat, 22 
NL:      000.00.0  ,  For standard cost code                     ,1, =    ,3,Bldg.03,1834D,Unit 1834D,22.120,DW Ceilings 1st.and 2nd.Finish Coat, 6 
NL:      000.00.0  ,  For standard cost code                     ,1, =    ,3,Bldg.03,1834D,Unit 1834D,28.100,Prep. Frames/Doors, 13 
NL:      000.00.0  ,  For standard cost code                     ,1, =    ,3,Bldg.03,1834D,Unit 1834D,28.110,1st.and 2nd.Finish Coat Frames/Doors, 31 
NL:      000.00.0  ,  For standard cost code                     ,1, =    ,3,Bldg.03,1834D,Unit 1834D,40.300,"Exterior items(Wood,Railing,under porch,Lintels etc.)", 4 
NL:      000.00.0  ,  For standard cost code                     ,1, =    ,3,Bldg.03,1834D,Unit 1834D,40.301,"Drywall work (Drywall, finish,point up)", 41 
NL:      000.00.0  ,  For standard cost code                     ,1, =    ,3,Bldg.03,1834D,Unit 1834D,50.801,"Stair metal/Prep/Prime/Finish (stairs,walls,ceiling,handrails)", 40 
NL:      000.00.0  ,  For standard cost code                     ,1, =    ,3,Bldg.03,1836D,Unit 1836D,20.110,DW Ceiling/Walls Prime Coat, 17 
NL:      000.00.0  ,  For standard cost code                     ,1, =    ,3,Bldg.03,1836D,Unit 1836D,21.120,DW Walls/Columns 1st. Finish Coat, 15 
NL:      000.00.0  ,  For standard cost code                     ,1, =    ,3,Bldg.03,1836D,Unit 1836D,21.130,DW Walls/Columns 2nd.Finish Coat, 22 
NL:      000.00.0  ,  For standard cost code                     ,1, =    ,3,Bldg.03,1836D,Unit 1836D,22.120,DW Ceilings 1st.and 2nd.Finish Coat, 6 
NL:      000.00.0  ,  For standard cost code                     ,1, =    ,3,Bldg.03,1836D,Unit 1836D,28.100,Prep. Frames/Doors, 13 
NL:      000.00.0  ,  For standard cost code                     ,1, =    ,3,Bldg.03,1836D,Unit 1836D,28.110,1st.and 2nd.Finish Coat Frames/Doors, 31 
NL:      000.00.0  ,  For standard cost code                     ,1, =    ,3,Bldg.03,1836D,Unit 1836D,40.300,"Exterior items(Wood,Railing,under porch,Lintels etc.)", 4 
NL:      000.00.0  ,  For standard cost code                     ,1, =    ,3,Bldg.03,1836D,Unit 1836D,40.301,"Drywall work (Drywall, finish,point up)", 41 
NL:      000.00.0  ,  For standard cost code                     ,1, =    ,3,Bldg.03,1836D,Unit 1836D,50.801,"Stair metal/Prep/Prime/Finish (stairs,walls,ceiling,handrails)", 40 
NL:      000.00.0  ,  For standard cost code                     ,1, =    ,4,Bldg.04,1838D,Unit 1838D,20.110,DW Ceiling/Walls Prime Coat, 17 
NL:      000.00.0  ,  For standard cost code                     ,1, =    ,4,Bldg.04,1838D,Unit 1838D,21.120,DW Walls/Columns 1st. Finish Coat, 15 
NL:      000.00.0  ,  For standard cost code                     ,1, =    ,4,Bldg.04,1838D,Unit 1838D,21.130,DW Walls/Columns 2nd.Finish Coat, 22 
NL:      000.00.0  ,  For standard cost code                     ,1, =    ,4,Bldg.04,1838D,Unit 1838D,22.120,DW Ceilings 1st.and 2nd.Finish Coat, 6 
NL:      000.00.0  ,  For standard cost code                     ,1, =    ,4,Bldg.04,1838D,Unit 1838D,28.100,Prep. Frames/Doors, 13 
NL:      000.00.0  ,  For standard cost code                     ,1, =    ,4,Bldg.04,1838D,Unit 1838D,28.110,1st.and 2nd.Finish Coat Frames/Doors, 31 
NL:      000.00.0  ,  For standard cost code                     ,1, =    ,4,Bldg.04,1838D,Unit 1838D,40.300,"Exterior items(Wood,Railing,under porch,Lintels etc.)", 4 
NL:      000.00.0  ,  For standard cost code                     ,1, =    ,4,Bldg.04,1838D,Unit 1838D,40.301,"Drywall work (Drywall, finish,point up)", 41 
NL:      000.00.0  ,  For standard cost code                     ,1, =    ,4,Bldg.04,1838D,Unit 1838D,50.801,"Stair metal/Prep/Prime/Finish (stairs,walls,ceiling,handrails)", 40 
NL:      000.00.0  ,  For standard cost code                     ,1, =    ,4,Bldg.04,1840C,Unit 1840C,20.110,DW Ceiling/Walls Prime Coat, 13 
NL:      000.00.0  ,  For standard cost code                     ,1, =    ,4,Bldg.04,1840C,Unit 1840C,21.120,DW Walls/Columns 1st. Finish Coat, 11 
NL:      000.00.0  ,  For standard cost code                     ,1, =    ,4,Bldg.04,1840C,Unit 1840C,21.130,DW Walls/Columns 2nd.Finish Coat, 16 
NL:      000.00.0  ,  For standard cost code                     ,1, =    ,4,Bldg.04,1840C,Unit 1840C,22.120,DW Ceilings 1st.and 2nd.Finish Coat, 4 
NL:      000.00.0  ,  For standard cost code                     ,1, =    ,4,Bldg.04,1840C,Unit 1840C,28.100,Prep. Frames/Doors, 12 
NL:      000.00.0  ,  For standard cost code                     ,1, =    ,4,Bldg.04,1840C,Unit 1840C,28.110,1st.and 2nd.Finish Coat Frames/Doors, 28 
NL:      000.00.0  ,  For standard cost code                     ,1, =    ,4,Bldg.04,1840C,Unit 1840C,40.300,"Exterior items(Wood,Railing,under porch,Lintels etc.)", 2 
NL:      000.00.0  ,  For standard cost code                     ,1, =    ,4,Bldg.04,1840C,Unit 1840C,40.301,"Drywall work (Drywall, finish,point up)", 35 
NL:      000.00.0  ,  For standard cost code                     ,1, =    ,4,Bldg.04,1840C,Unit 1840C,50.801,"Stair metal/Prep/Prime/Finish (stairs,walls,ceiling,handrails)", 40 
NL:      000.00.0  ,  For standard cost code                     ,1, =    ,4,Bldg.04,1842C,Unit 1842C,20.110,DW Ceiling/Walls Prime Coat, 13 
NL:      000.00.0  ,  For standard cost code                     ,1, =    ,4,Bldg.04,1842C,Unit 1842C,21.120,DW Walls/Columns 1st. Finish Coat, 11 
NL:      000.00.0  ,  For standard cost code                     ,1, =    ,4,Bldg.04,1842C,Unit 1842C,21.130,DW Walls/Columns 2nd.Finish Coat, 16 
NL:      000.00.0  ,  For standard cost code                     ,1, =    ,4,Bldg.04,1842C,Unit 1842C,22.120,DW Ceilings 1st.and 2nd.Finish Coat, 4 
NL:      000.00.0  ,  For standard cost code                     ,1, =    ,4,Bldg.04,1842C,Unit 1842C,28.100,Prep. Frames/Doors, 12 
NL:      000.00.0  ,  For standard cost code                     ,1, =    ,4,Bldg.04,1842C,Unit 1842C,28.110,1st.and 2nd.Finish Coat Frames/Doors, 28 
NL:      000.00.0  ,  For standard cost code                     ,1, =    ,4,Bldg.04,1842C,Unit 1842C,40.300,"Exterior items(Wood,Railing,under porch,Lintels etc.)", 2 
NL:      000.00.0  ,  For standard cost code                     ,1, =    ,4,Bldg.04,1842C,Unit 1842C,40.301,"Drywall work (Drywall, finish,point up)", 35 
NL:      000.00.0  ,  For standard cost code                     ,1, =    ,4,Bldg.04,1842C,Unit 1842C,50.801,"Stair metal/Prep/Prime/Finish (stairs,walls,ceiling,handrails)", 40 
NL:      000.00.0  ,  For standard cost code                     ,1, =    ,4,Bldg.04,1844D,Unit 1844D,20.110,DW Ceiling/Walls Prime Coat, 17 
NL:      000.00.0  ,  For standard cost code                     ,1, =    ,4,Bldg.04,1844D,Unit 1844D,21.120,DW Walls/Columns 1st. Finish Coat, 15 
NL:      000.00.0  ,  For standard cost code                     ,1, =    ,4,Bldg.04,1844D,Unit 1844D,21.130,DW Walls/Columns 2nd.Finish Coat, 22 
NL:      000.00.0  ,  For standard cost code                     ,1, =    ,4,Bldg.04,1844D,Unit 1844D,22.120,DW Ceilings 1st.and 2nd.Finish Coat, 6 
NL:      000.00.0  ,  For standard cost code                     ,1, =    ,4,Bldg.04,1844D,Unit 1844D,28.100,Prep. Frames/Doors, 13 
NL:      000.00.0  ,  For standard cost code                     ,1, =    ,4,Bldg.04,1844D,Unit 1844D,28.110,1st.and 2nd.Finish Coat Frames/Doors, 31 
NL:      000.00.0  ,  For standard cost code                     ,1, =    ,4,Bldg.04,1844D,Unit 1844D,40.300,"Exterior items(Wood,Railing,under porch,Lintels etc.)", 4 
NL:      000.00.0  ,  For standard cost code                     ,1, =    ,4,Bldg.04,1844D,Unit 1844D,40.301,"Drywall work (Drywall, finish,point up)", 41 
NL:      000.00.0  ,  For standard cost code                     ,1, =    ,4,Bldg.04,1844D,Unit 1844D,50.801,"Stair metal/Prep/Prime/Finish (stairs,walls,ceiling,handrails)", 40 
NL:      000.00.0  ,  For standard cost code                     ,1, =    ,5,Bldg.05,1846D,Unit 1846D,20.110,DW Ceiling/Walls Prime Coat, 17 
NL:      000.00.0  ,  For standard cost code                     ,1, =    ,5,Bldg.05,1846D,Unit 1846D,21.120,DW Walls/Columns 1st. Finish Coat, 15 
NL:      000.00.0  ,  For standard cost code                     ,1, =    ,5,Bldg.05,1846D,Unit 1846D,21.130,DW Walls/Columns 2nd.Finish Coat, 22 
NL:      000.00.0  ,  For standard cost code                     ,1, =    ,5,Bldg.05,1846D,Unit 1846D,22.120,DW Ceilings 1st.and 2nd.Finish Coat, 6 
NL:      000.00.0  ,  For standard cost code                     ,1, =    ,5,Bldg.05,1846D,Unit 1846D,28.100,Prep. Frames/Doors, 13 
NL:      000.00.0  ,  For standard cost code                     ,1, =    ,5,Bldg.05,1846D,Unit 1846D,28.110,1st.and 2nd.Finish Coat Frames/Doors, 31 
NL:      000.00.0  ,  For standard cost code                     ,1, =    ,5,Bldg.05,1846D,Unit 1846D,40.300,"Exterior items(Wood,Railing,under porch,Lintels etc.)", 4 
NL:      000.00.0  ,  For standard cost code                     ,1, =    ,5,Bldg.05,1846D,Unit 1846D,40.301,"Drywall work (Drywall, finish,point up)", 41 
NL:      000.00.0  ,  For standard cost code                     ,1, =    ,5,Bldg.05,1846D,Unit 1846D,50.801,"Stair metal/Prep/Prime/Finish (stairs,walls,ceiling,handrails)", 40 
NL:      000.00.0  ,  For standard cost code                     ,1, =    ,5,Bldg.05,1848D,Unit 1848D,20.110,DW Ceiling/Walls Prime Coat, 17 
NL:      000.00.0  ,  For standard cost code                     ,1, =    ,5,Bldg.05,1848D,Unit 1848D,21.120,DW Walls/Columns 1st. Finish Coat, 15 
NL:      000.00.0  ,  For standard cost code                     ,1, =    ,5,Bldg.05,1848D,Unit 1848D,21.130,DW Walls/Columns 2nd.Finish Coat, 22 
NL:      000.00.0  ,  For standard cost code                     ,1, =    ,5,Bldg.05,1848D,Unit 1848D,22.120,DW Ceilings 1st.and 2nd.Finish Coat, 6 
NL:      000.00.0  ,  For standard cost code                     ,1, =    ,5,Bldg.05,1848D,Unit 1848D,28.100,Prep. Frames/Doors, 13 
NL:      000.00.0  ,  For standard cost code                     ,1, =    ,5,Bldg.05,1848D,Unit 1848D,28.110,1st.and 2nd.Finish Coat Frames/Doors, 31 
NL:      000.00.0  ,  For standard cost code                     ,1, =    ,5,Bldg.05,1848D,Unit 1848D,40.300,"Exterior items(Wood,Railing,under porch,Lintels etc.)", 4 
NL:      000.00.0  ,  For standard cost code                     ,1, =    ,5,Bldg.05,1848D,Unit 1848D,40.301,"Drywall work (Drywall, finish,point up)", 41 
NL:      000.00.0  ,  For standard cost code                     ,1, =    ,5,Bldg.05,1848D,Unit 1848D,50.801,"Stair metal/Prep/Prime/Finish (stairs,walls,ceiling,handrails)", 40 
NL:      000.00.0  ,  For standard cost code                     ,1, =    ,5,Bldg.05,1850D,Unit 1850D,20.110,DW Ceiling/Walls Prime Coat, 17 
NL:      000.00.0  ,  For standard cost code                     ,1, =    ,5,Bldg.05,1850D,Unit 1850D,21.120,DW Walls/Columns 1st. Finish Coat, 15 
NL:      000.00.0  ,  For standard cost code                     ,1, =    ,5,Bldg.05,1850D,Unit 1850D,21.130,DW Walls/Columns 2nd.Finish Coat, 22 
NL:      000.00.0  ,  For standard cost code                     ,1, =    ,5,Bldg.05,1850D,Unit 1850D,22.120,DW Ceilings 1st.and 2nd.Finish Coat, 6 
NL:      000.00.0  ,  For standard cost code                     ,1, =    ,5,Bldg.05,1850D,Unit 1850D,28.100,Prep. Frames/Doors, 13 
NL:      000.00.0  ,  For standard cost code                     ,1, =    ,5,Bldg.05,1850D,Unit 1850D,28.110,1st.and 2nd.Finish Coat Frames/Doors, 31 
NL:      000.00.0  ,  For standard cost code                     ,1, =    ,5,Bldg.05,1850D,Unit 1850D,40.300,"Exterior items(Wood,Railing,under porch,Lintels etc.)", 4 
NL:      000.00.0  ,  For standard cost code                     ,1, =    ,5,Bldg.05,1850D,Unit 1850D,40.301,"Drywall work (Drywall, finish,point up)", 41 
NL:      000.00.0  ,  For standard cost code                     ,1, =    ,5,Bldg.05,1850D,Unit 1850D,50.801,"Stair metal/Prep/Prime/Finish (stairs,walls,ceiling,handrails)", 40 
NL:      000.00.0  ,  For standard cost code                     ,1, =    ,6,Bldg.06,1852D,Unit 1852D,20.110,DW Ceiling/Walls Prime Coat, 17 
NL:      000.00.0  ,  For standard cost code                     ,1, =    ,6,Bldg.06,1852D,Unit 1852D,21.120,DW Walls/Columns 1st. Finish Coat, 15 
NL:      000.00.0  ,  For standard cost code                     ,1, =    ,6,Bldg.06,1852D,Unit 1852D,21.130,DW Walls/Columns 2nd.Finish Coat, 22 
NL:      000.00.0  ,  For standard cost code                     ,1, =    ,6,Bldg.06,1852D,Unit 1852D,22.120,DW Ceilings 1st.and 2nd.Finish Coat, 6 
NL:      000.00.0  ,  For standard cost code                     ,1, =    ,6,Bldg.06,1852D,Unit 1852D,28.100,Prep. Frames/Doors, 13 
NL:      000.00.0  ,  For standard cost code                     ,1, =    ,6,Bldg.06,1852D,Unit 1852D,28.110,1st.and 2nd.Finish Coat Frames/Doors, 31 
NL:      000.00.0  ,  For standard cost code                     ,1, =    ,6,Bldg.06,1852D,Unit 1852D,40.300,"Exterior items(Wood,Railing,under porch,Lintels etc.)", 4 
NL:      000.00.0  ,  For standard cost code                     ,1, =    ,6,Bldg.06,1852D,Unit 1852D,40.301,"Drywall work (Drywall, finish,point up)", 41 
NL:      000.00.0  ,  For standard cost code                     ,1, =    ,6,Bldg.06,1852D,Unit 1852D,50.801,"Stair metal/Prep/Prime/Finish (stairs,walls,ceiling,handrails)", 40 
NL:      000.00.0  ,  For standard cost code                     ,1, =    ,6,Bldg.06,1854D,Unit 1854D,20.110,DW Ceiling/Walls Prime Coat, 17 
NL:      000.00.0  ,  For standard cost code                     ,1, =    ,6,Bldg.06,1854D,Unit 1854D,21.120,DW Walls/Columns 1st. Finish Coat, 15 
NL:      000.00.0  ,  For standard cost code                     ,1, =    ,6,Bldg.06,1854D,Unit 1854D,21.130,DW Walls/Columns 2nd.Finish Coat, 22 
NL:      000.00.0  ,  For standard cost code                     ,1, =    ,6,Bldg.06,1854D,Unit 1854D,22.120,DW Ceilings 1st.and 2nd.Finish Coat, 6 
NL:      000.00.0  ,  For standard cost code                     ,1, =    ,6,Bldg.06,1854D,Unit 1854D,28.100,Prep. Frames/Doors, 13 
NL:      000.00.0  ,  For standard cost code                     ,1, =    ,6,Bldg.06,1854D,Unit 1854D,28.110,1st.and 2nd.Finish Coat Frames/Doors, 31 
NL:      000.00.0  ,  For standard cost code                     ,1, =    ,6,Bldg.06,1854D,Unit 1854D,40.300,"Exterior items(Wood,Railing,under porch,Lintels etc.)", 4 
NL:      000.00.0  ,  For standard cost code                     ,1, =    ,6,Bldg.06,1854D,Unit 1854D,40.301,"Drywall work (Drywall, finish,point up)", 41 
NL:      000.00.0  ,  For standard cost code                     ,1, =    ,6,Bldg.06,1854D,Unit 1854D,50.801,"Stair metal/Prep/Prime/Finish (stairs,walls,ceiling,handrails)", 40 
NL:      000.00.0  ,  For standard cost code                     ,1, =    ,7,Bldg.07,1856D,Unit 1856D,20.110,DW Ceiling/Walls Prime Coat, 17 
NL:      000.00.0  ,  For standard cost code                     ,1, =    ,7,Bldg.07,1856D,Unit 1856D,21.120,DW Walls/Columns 1st. Finish Coat, 15 
NL:      000.00.0  ,  For standard cost code                     ,1, =    ,7,Bldg.07,1856D,Unit 1856D,21.130,DW Walls/Columns 2nd.Finish Coat, 22 
NL:      000.00.0  ,  For standard cost code                     ,1, =    ,7,Bldg.07,1856D,Unit 1856D,22.120,DW Ceilings 1st.and 2nd.Finish Coat, 6 
NL:      000.00.0  ,  For standard cost code                     ,1, =    ,7,Bldg.07,1856D,Unit 1856D,28.100,Prep. Frames/Doors, 13 
NL:      000.00.0  ,  For standard cost code                     ,1, =    ,7,Bldg.07,1856D,Unit 1856D,28.110,1st.and 2nd.Finish Coat Frames/Doors, 31 
NL:      000.00.0  ,  For standard cost code                     ,1, =    ,7,Bldg.07,1856D,Unit 1856D,40.300,"Exterior items(Wood,Railing,under porch,Lintels etc.)", 4 
NL:      000.00.0  ,  For standard cost code                     ,1, =    ,7,Bldg.07,1856D,Unit 1856D,40.301,"Drywall work (Drywall, finish,point up)", 41 
NL:      000.00.0  ,  For standard cost code                     ,1, =    ,7,Bldg.07,1856D,Unit 1856D,50.801,"Stair metal/Prep/Prime/Finish (stairs,walls,ceiling,handrails)", 40 
NL:      000.00.0  ,  For standard cost code                     ,1, =    ,7,Bldg.07,1858D,Unit 1858D,20.110,DW Ceiling/Walls Prime Coat, 17 
NL:      000.00.0  ,  For standard cost code                     ,1, =    ,7,Bldg.07,1858D,Unit 1858D,21.120,DW Walls/Columns 1st. Finish Coat, 15 
NL:      000.00.0  ,  For standard cost code                     ,1, =    ,7,Bldg.07,1858D,Unit 1858D,21.130,DW Walls/Columns 2nd.Finish Coat, 22 
NL:      000.00.0  ,  For standard cost code                     ,1, =    ,7,Bldg.07,1858D,Unit 1858D,22.120,DW Ceilings 1st.and 2nd.Finish Coat, 6 
NL:      000.00.0  ,  For standard cost code                     ,1, =    ,7,Bldg.07,1858D,Unit 1858D,28.100,Prep. Frames/Doors, 13 
NL:      000.00.0  ,  For standard cost code                     ,1, =    ,7,Bldg.07,1858D,Unit 1858D,28.110,1st.and 2nd.Finish Coat Frames/Doors, 31 
NL:      000.00.0  ,  For standard cost code                     ,1, =    ,7,Bldg.07,1858D,Unit 1858D,40.300,"Exterior items(Wood,Railing,under porch,Lintels etc.)", 4 
NL:      000.00.0  ,  For standard cost code                     ,1, =    ,7,Bldg.07,1858D,Unit 1858D,40.301,"Drywall work (Drywall, finish,point up)", 41 
NL:      000.00.0  ,  For standard cost code                     ,1, =    ,7,Bldg.07,1858D,Unit 1858D,50.801,"Stair metal/Prep/Prime/Finish (stairs,walls,ceiling,handrails)", 40 
NL:      000.00.0  ,  For standard cost code                     ,1, =    ,8,Bldg.08,1807D,Unit 1807D,20.110,DW Ceiling/Walls Prime Coat, 17 
NL:      000.00.0  ,  For standard cost code                     ,1, =    ,8,Bldg.08,1807D,Unit 1807D,21.120,DW Walls/Columns 1st. Finish Coat, 15 
NL:      000.00.0  ,  For standard cost code                     ,1, =    ,8,Bldg.08,1807D,Unit 1807D,21.130,DW Walls/Columns 2nd.Finish Coat, 22 
NL:      000.00.0  ,  For standard cost code                     ,1, =    ,8,Bldg.08,1807D,Unit 1807D,22.120,DW Ceilings 1st.and 2nd.Finish Coat, 6 
NL:      000.00.0  ,  For standard cost code                     ,1, =    ,8,Bldg.08,1807D,Unit 1807D,28.100,Prep. Frames/Doors, 13 
NL:      000.00.0  ,  For standard cost code                     ,1, =    ,8,Bldg.08,1807D,Unit 1807D,28.110,1st.and 2nd.Finish Coat Frames/Doors, 31 
NL:      000.00.0  ,  For standard cost code                     ,1, =    ,8,Bldg.08,1807D,Unit 1807D,40.300,"Exterior items(Wood,Railing,under porch,Lintels etc.)", 4 
NL:      000.00.0  ,  For standard cost code                     ,1, =    ,8,Bldg.08,1807D,Unit 1807D,40.301,"Drywall work (Drywall, finish,point up)", 41 
NL:      000.00.0  ,  For standard cost code                     ,1, =    ,8,Bldg.08,1807D,Unit 1807D,50.801,"Stair metal/Prep/Prime/Finish (stairs,walls,ceiling,handrails)", 40 
NL:      000.00.0  ,  For standard cost code                     ,1, =    ,8,Bldg.08,1894C,Unit 1894C,20.110,DW Ceiling/Walls Prime Coat, 13 
NL:      000.00.0  ,  For standard cost code                     ,1, =    ,8,Bldg.08,1894C,Unit 1894C,21.120,DW Walls/Columns 1st. Finish Coat, 11 
NL:      000.00.0  ,  For standard cost code                     ,1, =    ,8,Bldg.08,1894C,Unit 1894C,21.130,DW Walls/Columns 2nd.Finish Coat, 16 
NL:      000.00.0  ,  For standard cost code                     ,1, =    ,8,Bldg.08,1894C,Unit 1894C,22.120,DW Ceilings 1st.and 2nd.Finish Coat, 4 
NL:      000.00.0  ,  For standard cost code                     ,1, =    ,8,Bldg.08,1894C,Unit 1894C,28.100,Prep. Frames/Doors, 12 
NL:      000.00.0  ,  For standard cost code                     ,1, =    ,8,Bldg.08,1894C,Unit 1894C,28.110,1st.and 2nd.Finish Coat Frames/Doors, 28 
NL:      000.00.0  ,  For standard cost code                     ,1, =    ,8,Bldg.08,1894C,Unit 1894C,40.300,"Exterior items(Wood,Railing,under porch,Lintels etc.)", 2 
NL:      000.00.0  ,  For standard cost code                     ,1, =    ,8,Bldg.08,1894C,Unit 1894C,40.301,"Drywall work (Drywall, finish,point up)", 35 
NL:      000.00.0  ,  For standard cost code                     ,1, =    ,8,Bldg.08,1894C,Unit 1894C,50.801,"Stair metal/Prep/Prime/Finish (stairs,walls,ceiling,handrails)", 40 
NL:      000.00.0  ,  For standard cost code                     ,1, =    ,8,Bldg.08,1896C,Unit 1896C,20.110,DW Ceiling/Walls Prime Coat, 13 
NL:      000.00.0  ,  For standard cost code                     ,1, =    ,8,Bldg.08,1896C,Unit 1896C,21.120,DW Walls/Columns 1st. Finish Coat, 11 
NL:      000.00.0  ,  For standard cost code                     ,1, =    ,8,Bldg.08,1896C,Unit 1896C,21.130,DW Walls/Columns 2nd.Finish Coat, 16 
NL:      000.00.0  ,  For standard cost code                     ,1, =    ,8,Bldg.08,1896C,Unit 1896C,22.120,DW Ceilings 1st.and 2nd.Finish Coat, 4 
NL:      000.00.0  ,  For standard cost code                     ,1, =    ,8,Bldg.08,1896C,Unit 1896C,28.100,Prep. Frames/Doors, 12 
NL:      000.00.0  ,  For standard cost code                     ,1, =    ,8,Bldg.08,1896C,Unit 1896C,28.110,1st.and 2nd.Finish Coat Frames/Doors, 28 
NL:      000.00.0  ,  For standard cost code                     ,1, =    ,8,Bldg.08,1896C,Unit 1896C,40.300,"Exterior items(Wood,Railing,under porch,Lintels etc.)", 2 
NL:      000.00.0  ,  For standard cost code                     ,1, =    ,8,Bldg.08,1896C,Unit 1896C,40.301,"Drywall work (Drywall, finish,point up)", 35 
NL:      000.00.0  ,  For standard cost code                     ,1, =    ,8,Bldg.08,1896C,Unit 1896C,50.801,"Stair metal/Prep/Prime/Finish (stairs,walls,ceiling,handrails)", 40 
NL:      000.00.0  ,  For standard cost code                     ,1, =    ,9,Bldg.09,1809D,Unit 1809D,20.110,DW Ceiling/Walls Prime Coat, 17 
NL:      000.00.0  ,  For standard cost code                     ,1, =    ,9,Bldg.09,1809D,Unit 1809D,21.120,DW Walls/Columns 1st. Finish Coat, 15 
NL:      000.00.0  ,  For standard cost code                     ,1, =    ,9,Bldg.09,1809D,Unit 1809D,21.130,DW Walls/Columns 2nd.Finish Coat, 22 
NL:      000.00.0  ,  For standard cost code                     ,1, =    ,9,Bldg.09,1809D,Unit 1809D,22.120,DW Ceilings 1st.and 2nd.Finish Coat, 6 
NL:      000.00.0  ,  For standard cost code                     ,1, =    ,9,Bldg.09,1809D,Unit 1809D,28.100,Prep. Frames/Doors, 13 
NL:      000.00.0  ,  For standard cost code                     ,1, =    ,9,Bldg.09,1809D,Unit 1809D,28.110,1st.and 2nd.Finish Coat Frames/Doors, 31 
NL:      000.00.0  ,  For standard cost code                     ,1, =    ,9,Bldg.09,1809D,Unit 1809D,40.300,"Exterior items(Wood,Railing,under porch,Lintels etc.)", 4 
NL:      000.00.0  ,  For standard cost code                     ,1, =    ,9,Bldg.09,1809D,Unit 1809D,40.301,"Drywall work (Drywall, finish,point up)", 41 
NL:      000.00.0  ,  For standard cost code                     ,1, =    ,9,Bldg.09,1809D,Unit 1809D,50.801,"Stair metal/Prep/Prime/Finish (stairs,walls,ceiling,handrails)", 40 
NL:      000.00.0  ,  For standard cost code                     ,1, =    ,9,Bldg.09,1811D,Unit 1811D,20.110,DW Ceiling/Walls Prime Coat, 17 
NL:      000.00.0  ,  For standard cost code                     ,1, =    ,9,Bldg.09,1811D,Unit 1811D,21.120,DW Walls/Columns 1st. Finish Coat, 15 
NL:      000.00.0  ,  For standard cost code                     ,1, =    ,9,Bldg.09,1811D,Unit 1811D,21.130,DW Walls/Columns 2nd.Finish Coat, 22 
NL:      000.00.0  ,  For standard cost code                     ,1, =    ,9,Bldg.09,1811D,Unit 1811D,22.120,DW Ceilings 1st.and 2nd.Finish Coat, 6 
NL:      000.00.0  ,  For standard cost code                     ,1, =    ,9,Bldg.09,1811D,Unit 1811D,28.100,Prep. Frames/Doors, 13 
NL:      000.00.0  ,  For standard cost code                     ,1, =    ,9,Bldg.09,1811D,Unit 1811D,28.110,1st.and 2nd.Finish Coat Frames/Doors, 31 
NL:      000.00.0  ,  For standard cost code                     ,1, =    ,9,Bldg.09,1811D,Unit 1811D,40.300,"Exterior items(Wood,Railing,under porch,Lintels etc.)", 4 
NL:      000.00.0  ,  For standard cost code                     ,1, =    ,9,Bldg.09,1811D,Unit 1811D,40.301,"Drywall work (Drywall, finish,point up)", 41 
NL:      000.00.0  ,  For standard cost code                     ,1, =    ,9,Bldg.09,1811D,Unit 1811D,50.801,"Stair metal/Prep/Prime/Finish (stairs,walls,ceiling,handrails)", 40 
NL:      000.00.0  ,  For standard cost code                     ,1, =    ,9,Bldg.09,1813D,Unit 1813D,20.110,DW Ceiling/Walls Prime Coat, 17 
NL:      000.00.0  ,  For standard cost code                     ,1, =    ,9,Bldg.09,1813D,Unit 1813D,21.120,DW Walls/Columns 1st. Finish Coat, 15 
NL:      000.00.0  ,  For standard cost code                     ,1, =    ,9,Bldg.09,1813D,Unit 1813D,21.130,DW Walls/Columns 2nd.Finish Coat, 22 
NL:      000.00.0  ,  For standard cost code                     ,1, =    ,9,Bldg.09,1813D,Unit 1813D,22.120,DW Ceilings 1st.and 2nd.Finish Coat, 6 
NL:      000.00.0  ,  For standard cost code                     ,1, =    ,9,Bldg.09,1813D,Unit 1813D,28.100,Prep. Frames/Doors, 13 
NL:      000.00.0  ,  For standard cost code                     ,1, =    ,9,Bldg.09,1813D,Unit 1813D,28.110,1st.and 2nd.Finish Coat Frames/Doors, 31 
NL:      000.00.0  ,  For standard cost code                     ,1, =    ,9,Bldg.09,1813D,Unit 1813D,40.300,"Exterior items(Wood,Railing,under porch,Lintels etc.)", 4 
NL:      000.00.0  ,  For standard cost code                     ,1, =    ,9,Bldg.09,1813D,Unit 1813D,40.301,"Drywall work (Drywall, finish,point up)", 41 
NL:      000.00.0  ,  For standard cost code                     ,1, =    ,9,Bldg.09,1813D,Unit 1813D,50.801,"Stair metal/Prep/Prime/Finish (stairs,walls,ceiling,handrails)", 40 
NL:      000.00.0  ,  For standard cost code                     ,1, =    ,9,Bldg.09,1815D,Unit 1815D,20.110,DW Ceiling/Walls Prime Coat, 17 
NL:      000.00.0  ,  For standard cost code                     ,1, =    ,9,Bldg.09,1815D,Unit 1815D,21.120,DW Walls/Columns 1st. Finish Coat, 15 
NL:      000.00.0  ,  For standard cost code                     ,1, =    ,9,Bldg.09,1815D,Unit 1815D,21.130,DW Walls/Columns 2nd.Finish Coat, 22 
NL:      000.00.0  ,  For standard cost code                     ,1, =    ,9,Bldg.09,1815D,Unit 1815D,22.120,DW Ceilings 1st.and 2nd.Finish Coat, 6 
NL:      000.00.0  ,  For standard cost code                     ,1, =    ,9,Bldg.09,1815D,Unit 1815D,28.100,Prep. Frames/Doors, 13 
NL:      000.00.0  ,  For standard cost code                     ,1, =    ,9,Bldg.09,1815D,Unit 1815D,28.110,1st.and 2nd.Finish Coat Frames/Doors, 31 
NL:      000.00.0  ,  For standard cost code                     ,1, =    ,9,Bldg.09,1815D,Unit 1815D,40.300,"Exterior items(Wood,Railing,under porch,Lintels etc.)", 4 
NL:      000.00.0  ,  For standard cost code                     ,1, =    ,9,Bldg.09,1815D,Unit 1815D,40.301,"Drywall work (Drywall, finish,point up)", 41 
NL:      000.00.0  ,  For standard cost code                     ,1, =    ,9,Bldg.09,1815D,Unit 1815D,50.801,"Stair metal/Prep/Prime/Finish (stairs,walls,ceiling,handrails)", 40 
NL:      000.00.0  ,  For standard cost code                     ,1, =    ,10,Bldg.10,1817C,Unit 1817C,20.110,DW Ceiling/Walls Prime Coat, 13 
NL:      000.00.0  ,  For standard cost code                     ,1, =    ,10,Bldg.10,1817C,Unit 1817C,21.120,DW Walls/Columns 1st. Finish Coat, 11 
NL:      000.00.0  ,  For standard cost code                     ,1, =    ,10,Bldg.10,1817C,Unit 1817C,21.130,DW Walls/Columns 2nd.Finish Coat, 16 
NL:      000.00.0  ,  For standard cost code                     ,1, =    ,10,Bldg.10,1817C,Unit 1817C,22.120,DW Ceilings 1st.and 2nd.Finish Coat, 4 
NL:      000.00.0  ,  For standard cost code                     ,1, =    ,10,Bldg.10,1817C,Unit 1817C,28.100,Prep. Frames/Doors, 12 
NL:      000.00.0  ,  For standard cost code                     ,1, =    ,10,Bldg.10,1817C,Unit 1817C,28.110,1st.and 2nd.Finish Coat Frames/Doors, 28 
NL:      000.00.0  ,  For standard cost code                     ,1, =    ,10,Bldg.10,1817C,Unit 1817C,40.300,"Exterior items(Wood,Railing,under porch,Lintels etc.)", 2 
NL:      000.00.0  ,  For standard cost code                     ,1, =    ,10,Bldg.10,1817C,Unit 1817C,40.301,"Drywall work (Drywall, finish,point up)", 35 
NL:      000.00.0  ,  For standard cost code                     ,1, =    ,10,Bldg.10,1817C,Unit 1817C,50.801,"Stair metal/Prep/Prime/Finish (stairs,walls,ceiling,handrails)", 40 
NL:      000.00.0  ,  For standard cost code                     ,1, =    ,10,Bldg.10,1819C,Unit 1819C,20.110,DW Ceiling/Walls Prime Coat, 13 
NL:      000.00.0  ,  For standard cost code                     ,1, =    ,10,Bldg.10,1819C,Unit 1819C,21.120,DW Walls/Columns 1st. Finish Coat, 11 
NL:      000.00.0  ,  For standard cost code                     ,1, =    ,10,Bldg.10,1819C,Unit 1819C,21.130,DW Walls/Columns 2nd.Finish Coat, 16 
NL:      000.00.0  ,  For standard cost code                     ,1, =    ,10,Bldg.10,1819C,Unit 1819C,22.120,DW Ceilings 1st.and 2nd.Finish Coat, 4 
NL:      000.00.0  ,  For standard cost code                     ,1, =    ,10,Bldg.10,1819C,Unit 1819C,28.100,Prep. Frames/Doors, 12 
NL:      000.00.0  ,  For standard cost code                     ,1, =    ,10,Bldg.10,1819C,Unit 1819C,28.110,1st.and 2nd.Finish Coat Frames/Doors, 28 
NL:      000.00.0  ,  For standard cost code                     ,1, =    ,10,Bldg.10,1819C,Unit 1819C,40.300,"Exterior items(Wood,Railing,under porch,Lintels etc.)", 2 
NL:      000.00.0  ,  For standard cost code                     ,1, =    ,10,Bldg.10,1819C,Unit 1819C,40.301,"Drywall work (Drywall, finish,point up)", 35 
NL:      000.00.0  ,  For standard cost code                     ,1, =    ,10,Bldg.10,1819C,Unit 1819C,50.801,"Stair metal/Prep/Prime/Finish (stairs,walls,ceiling,handrails)", 40 
NL:      000.00.0  ,  For standard cost code                     ,1, =    ,10,Bldg.10,1821D,Unit 1821D,20.110,DW Ceiling/Walls Prime Coat, 17 
NL:      000.00.0  ,  For standard cost code                     ,1, =    ,10,Bldg.10,1821D,Unit 1821D,21.120,DW Walls/Columns 1st. Finish Coat, 15 
NL:      000.00.0  ,  For standard cost code                     ,1, =    ,10,Bldg.10,1821D,Unit 1821D,21.130,DW Walls/Columns 2nd.Finish Coat, 22 
NL:      000.00.0  ,  For standard cost code                     ,1, =    ,10,Bldg.10,1821D,Unit 1821D,22.120,DW Ceilings 1st.and 2nd.Finish Coat, 6 
NL:      000.00.0  ,  For standard cost code                     ,1, =    ,10,Bldg.10,1821D,Unit 1821D,28.100,Prep. Frames/Doors, 13 
NL:      000.00.0  ,  For standard cost code                     ,1, =    ,10,Bldg.10,1821D,Unit 1821D,28.110,1st.and 2nd.Finish Coat Frames/Doors, 31 
NL:      000.00.0  ,  For standard cost code                     ,1, =    ,10,Bldg.10,1821D,Unit 1821D,40.300,"Exterior items(Wood,Railing,under porch,Lintels etc.)", 4 
NL:      000.00.0  ,  For standard cost code                     ,1, =    ,10,Bldg.10,1821D,Unit 1821D,40.301,"Drywall work (Drywall, finish,point up)", 41 
NL:      000.00.0  ,  For standard cost code                     ,1, =    ,10,Bldg.10,1821D,Unit 1821D,50.801,"Stair metal/Prep/Prime/Finish (stairs,walls,ceiling,handrails)", 40 
NL:      000.00.0  ,  For standard cost code                     ,1, =    ,10,Bldg.10,1823D,Unit 1823D,20.110,DW Ceiling/Walls Prime Coat, 17 
NL:      000.00.0  ,  For standard cost code                     ,1, =    ,10,Bldg.10,1823D,Unit 1823D,21.120,DW Walls/Columns 1st. Finish Coat, 15 
NL:      000.00.0  ,  For standard cost code                     ,1, =    ,10,Bldg.10,1823D,Unit 1823D,21.130,DW Walls/Columns 2nd.Finish Coat, 22 
NL:      000.00.0  ,  For standard cost code                     ,1, =    ,10,Bldg.10,1823D,Unit 1823D,22.120,DW Ceilings 1st.and 2nd.Finish Coat, 6 
NL:      000.00.0  ,  For standard cost code                     ,1, =    ,10,Bldg.10,1823D,Unit 1823D,28.100,Prep. Frames/Doors, 13 
NL:      000.00.0  ,  For standard cost code                     ,1, =    ,10,Bldg.10,1823D,Unit 1823D,28.110,1st.and 2nd.Finish Coat Frames/Doors, 31 
NL:      000.00.0  ,  For standard cost code                     ,1, =    ,10,Bldg.10,1823D,Unit 1823D,40.300,"Exterior items(Wood,Railing,under porch,Lintels etc.)", 4 
NL:      000.00.0  ,  For standard cost code                     ,1, =    ,10,Bldg.10,1823D,Unit 1823D,40.301,"Drywall work (Drywall, finish,point up)", 41 
NL:      000.00.0  ,  For standard cost code                     ,1, =    ,10,Bldg.10,1823D,Unit 1823D,50.801,"Stair metal/Prep/Prime/Finish (stairs,walls,ceiling,handrails)", 40 
NL:      000.00.0  ,  For standard cost code                     ,1, =    ,11,Bldg.11,1872D,Unit 1872D,20.110,DW Ceiling/Walls Prime Coat, 17 
NL:      000.00.0  ,  For standard cost code                     ,1, =    ,11,Bldg.11,1872D,Unit 1872D,21.120,DW Walls/Columns 1st. Finish Coat, 15 
NL:      000.00.0  ,  For standard cost code                     ,1, =    ,11,Bldg.11,1872D,Unit 1872D,21.130,DW Walls/Columns 2nd.Finish Coat, 22 
NL:      000.00.0  ,  For standard cost code                     ,1, =    ,11,Bldg.11,1872D,Unit 1872D,22.120,DW Ceilings 1st.and 2nd.Finish Coat, 6 
NL:      000.00.0  ,  For standard cost code                     ,1, =    ,11,Bldg.11,1872D,Unit 1872D,28.100,Prep. Frames/Doors, 13 
NL:      000.00.0  ,  For standard cost code                     ,1, =    ,11,Bldg.11,1872D,Unit 1872D,28.110,1st.and 2nd.Finish Coat Frames/Doors, 31 
NL:      000.00.0  ,  For standard cost code                     ,1, =    ,11,Bldg.11,1872D,Unit 1872D,40.300,"Exterior items(Wood,Railing,under porch,Lintels etc.)", 4 
NL:      000.00.0  ,  For standard cost code                     ,1, =    ,11,Bldg.11,1872D,Unit 1872D,40.301,"Drywall work (Drywall, finish,point up)", 41 
NL:      000.00.0  ,  For standard cost code                     ,1, =    ,11,Bldg.11,1872D,Unit 1872D,50.801,"Stair metal/Prep/Prime/Finish (stairs,walls,ceiling,handrails)", 40 
NL:      000.00.0  ,  For standard cost code                     ,1, =    ,11,Bldg.11,1874D,Unit 1874D,20.110,DW Ceiling/Walls Prime Coat, 17 
NL:      000.00.0  ,  For standard cost code                     ,1, =    ,11,Bldg.11,1874D,Unit 1874D,21.120,DW Walls/Columns 1st. Finish Coat, 15 
NL:      000.00.0  ,  For standard cost code                     ,1, =    ,11,Bldg.11,1874D,Unit 1874D,21.130,DW Walls/Columns 2nd.Finish Coat, 22 
NL:      000.00.0  ,  For standard cost code                     ,1, =    ,11,Bldg.11,1874D,Unit 1874D,22.120,DW Ceilings 1st.and 2nd.Finish Coat, 6 
NL:      000.00.0  ,  For standard cost code                     ,1, =    ,11,Bldg.11,1874D,Unit 1874D,28.100,Prep. Frames/Doors, 13 
NL:      000.00.0  ,  For standard cost code                     ,1, =    ,11,Bldg.11,1874D,Unit 1874D,28.110,1st.and 2nd.Finish Coat Frames/Doors, 31 
NL:      000.00.0  ,  For standard cost code                     ,1, =    ,11,Bldg.11,1874D,Unit 1874D,40.300,"Exterior items(Wood,Railing,under porch,Lintels etc.)", 4 
NL:      000.00.0  ,  For standard cost code                     ,1, =    ,11,Bldg.11,1874D,Unit 1874D,40.301,"Drywall work (Drywall, finish,point up)", 41 
NL:      000.00.0  ,  For standard cost code                     ,1, =    ,11,Bldg.11,1874D,Unit 1874D,50.801,"Stair metal/Prep/Prime/Finish (stairs,walls,ceiling,handrails)", 40 
NL:      000.00.0  ,  For standard cost code                     ,1, =    ,11,Bldg.11,1876D,Unit 1876D,20.110,DW Ceiling/Walls Prime Coat, 17 
NL:      000.00.0  ,  For standard cost code                     ,1, =    ,11,Bldg.11,1876D,Unit 1876D,21.120,DW Walls/Columns 1st. Finish Coat, 15 
NL:      000.00.0  ,  For standard cost code                     ,1, =    ,11,Bldg.11,1876D,Unit 1876D,21.130,DW Walls/Columns 2nd.Finish Coat, 22 
NL:      000.00.0  ,  For standard cost code                     ,1, =    ,11,Bldg.11,1876D,Unit 1876D,22.120,DW Ceilings 1st.and 2nd.Finish Coat, 6 
NL:      000.00.0  ,  For standard cost code                     ,1, =    ,11,Bldg.11,1876D,Unit 1876D,28.100,Prep. Frames/Doors, 13 
NL:      000.00.0  ,  For standard cost code                     ,1, =    ,11,Bldg.11,1876D,Unit 1876D,28.110,1st.and 2nd.Finish Coat Frames/Doors, 31 
NL:      000.00.0  ,  For standard cost code                     ,1, =    ,11,Bldg.11,1876D,Unit 1876D,40.300,"Exterior items(Wood,Railing,under porch,Lintels etc.)", 4 
NL:      000.00.0  ,  For standard cost code                     ,1, =    ,11,Bldg.11,1876D,Unit 1876D,40.301,"Drywall work (Drywall, finish,point up)", 41 
NL:      000.00.0  ,  For standard cost code                     ,1, =    ,11,Bldg.11,1876D,Unit 1876D,50.801,"Stair metal/Prep/Prime/Finish (stairs,walls,ceiling,handrails)", 40 
NL:      000.00.0  ,  For standard cost code                     ,1, =    ,12,Bldg.12,1882D,Unit 1882D,20.110,DW Ceiling/Walls Prime Coat, 17 
NL:      000.00.0  ,  For standard cost code                     ,1, =    ,12,Bldg.12,1882D,Unit 1882D,21.120,DW Walls/Columns 1st. Finish Coat, 15 
NL:      000.00.0  ,  For standard cost code                     ,1, =    ,12,Bldg.12,1882D,Unit 1882D,21.130,DW Walls/Columns 2nd.Finish Coat, 22 
NL:      000.00.0  ,  For standard cost code                     ,1, =    ,12,Bldg.12,1882D,Unit 1882D,22.120,DW Ceilings 1st.and 2nd.Finish Coat, 6 
NL:      000.00.0  ,  For standard cost code                     ,1, =    ,12,Bldg.12,1882D,Unit 1882D,28.100,Prep. Frames/Doors, 13 
NL:      000.00.0  ,  For standard cost code                     ,1, =    ,12,Bldg.12,1882D,Unit 1882D,28.110,1st.and 2nd.Finish Coat Frames/Doors, 31 
NL:      000.00.0  ,  For standard cost code                     ,1, =    ,12,Bldg.12,1882D,Unit 1882D,40.300,"Exterior items(Wood,Railing,under porch,Lintels etc.)", 4 
NL:      000.00.0  ,  For standard cost code                     ,1, =    ,12,Bldg.12,1882D,Unit 1882D,40.301,"Drywall work (Drywall, finish,point up)", 41 
NL:      000.00.0  ,  For standard cost code                     ,1, =    ,12,Bldg.12,1882D,Unit 1882D,50.801,"Stair metal/Prep/Prime/Finish (stairs,walls,ceiling,handrails)", 40 
NL:      000.00.0  ,  For standard cost code                     ,1, =    ,12,Bldg.12,1884C,Unit 1884C,20.110,DW Ceiling/Walls Prime Coat, 13 
NL:      000.00.0  ,  For standard cost code                     ,1, =    ,12,Bldg.12,1884C,Unit 1884C,21.120,DW Walls/Columns 1st. Finish Coat, 11 
NL:      000.00.0  ,  For standard cost code                     ,1, =    ,12,Bldg.12,1884C,Unit 1884C,21.130,DW Walls/Columns 2nd.Finish Coat, 16 
NL:      000.00.0  ,  For standard cost code                     ,1, =    ,12,Bldg.12,1884C,Unit 1884C,22.120,DW Ceilings 1st.and 2nd.Finish Coat, 4 
NL:      000.00.0  ,  For standard cost code                     ,1, =    ,12,Bldg.12,1884C,Unit 1884C,28.100,Prep. Frames/Doors, 12 
NL:      000.00.0  ,  For standard cost code                     ,1, =    ,12,Bldg.12,1884C,Unit 1884C,28.110,1st.and 2nd.Finish Coat Frames/Doors, 28 
NL:      000.00.0  ,  For standard cost code                     ,1, =    ,12,Bldg.12,1884C,Unit 1884C,40.300,"Exterior items(Wood,Railing,under porch,Lintels etc.)", 2 
NL:      000.00.0  ,  For standard cost code                     ,1, =    ,12,Bldg.12,1884C,Unit 1884C,40.301,"Drywall work (Drywall, finish,point up)", 35 
NL:      000.00.0  ,  For standard cost code                     ,1, =    ,12,Bldg.12,1884C,Unit 1884C,50.801,"Stair metal/Prep/Prime/Finish (stairs,walls,ceiling,handrails)", 40 
NL:      000.00.0  ,  For standard cost code                     ,1, =    ,12,Bldg.12,1886C,Unit 1886C,20.110,DW Ceiling/Walls Prime Coat, 13 
NL:      000.00.0  ,  For standard cost code                     ,1, =    ,12,Bldg.12,1886C,Unit 1886C,21.120,DW Walls/Columns 1st. Finish Coat, 11 
NL:      000.00.0  ,  For standard cost code                     ,1, =    ,12,Bldg.12,1886C,Unit 1886C,21.130,DW Walls/Columns 2nd.Finish Coat, 16 
NL:      000.00.0  ,  For standard cost code                     ,1, =    ,12,Bldg.12,1886C,Unit 1886C,22.120,DW Ceilings 1st.and 2nd.Finish Coat, 4 
NL:      000.00.0  ,  For standard cost code                     ,1, =    ,12,Bldg.12,1886C,Unit 1886C,28.100,Prep. Frames/Doors, 12 
NL:      000.00.0  ,  For standard cost code                     ,1, =    ,12,Bldg.12,1886C,Unit 1886C,28.110,1st.and 2nd.Finish Coat Frames/Doors, 28 
NL:      000.00.0  ,  For standard cost code                     ,1, =    ,12,Bldg.12,1886C,Unit 1886C,40.300,"Exterior items(Wood,Railing,under porch,Lintels etc.)", 2 
NL:      000.00.0  ,  For standard cost code                     ,1, =    ,12,Bldg.12,1886C,Unit 1886C,40.301,"Drywall work (Drywall, finish,point up)", 35 
NL:      000.00.0  ,  For standard cost code                     ,1, =    ,12,Bldg.12,1886C,Unit 1886C,50.801,"Stair metal/Prep/Prime/Finish (stairs,walls,ceiling,handrails)", 40 
NL:      000.00.0  ,  For standard cost code                     ,1, =    ,13,Bldg.13,1810D,Unit 1810D,20.110,DW Ceiling/Walls Prime Coat, 17 
NL:      000.00.0  ,  For standard cost code                     ,1, =    ,13,Bldg.13,1810D,Unit 1810D,21.120,DW Walls/Columns 1st. Finish Coat, 15 
NL:      000.00.0  ,  For standard cost code                     ,1, =    ,13,Bldg.13,1810D,Unit 1810D,21.130,DW Walls/Columns 2nd.Finish Coat, 22 
NL:      000.00.0  ,  For standard cost code                     ,1, =    ,13,Bldg.13,1810D,Unit 1810D,22.120,DW Ceilings 1st.and 2nd.Finish Coat, 6 
NL:      000.00.0  ,  For standard cost code                     ,1, =    ,13,Bldg.13,1810D,Unit 1810D,28.100,Prep. Frames/Doors, 13 
NL:      000.00.0  ,  For standard cost code                     ,1, =    ,13,Bldg.13,1810D,Unit 1810D,28.110,1st.and 2nd.Finish Coat Frames/Doors, 31 
NL:      000.00.0  ,  For standard cost code                     ,1, =    ,13,Bldg.13,1810D,Unit 1810D,40.300,"Exterior items(Wood,Railing,under porch,Lintels etc.)", 4 
NL:      000.00.0  ,  For standard cost code                     ,1, =    ,13,Bldg.13,1810D,Unit 1810D,40.301,"Drywall work (Drywall, finish,point up)", 41 
NL:      000.00.0  ,  For standard cost code                     ,1, =    ,13,Bldg.13,1810D,Unit 1810D,50.801,"Stair metal/Prep/Prime/Finish (stairs,walls,ceiling,handrails)", 40 
NL:      000.00.0  ,  For standard cost code                     ,1, =    ,13,Bldg.13,1812D,Unit 1812D,20.110,DW Ceiling/Walls Prime Coat, 17 
NL:      000.00.0  ,  For standard cost code                     ,1, =    ,13,Bldg.13,1812D,Unit 1812D,21.120,DW Walls/Columns 1st. Finish Coat, 15 
NL:      000.00.0  ,  For standard cost code                     ,1, =    ,13,Bldg.13,1812D,Unit 1812D,21.130,DW Walls/Columns 2nd.Finish Coat, 22 
NL:      000.00.0  ,  For standard cost code                     ,1, =    ,13,Bldg.13,1812D,Unit 1812D,22.120,DW Ceilings 1st.and 2nd.Finish Coat, 6 
NL:      000.00.0  ,  For standard cost code                     ,1, =    ,13,Bldg.13,1812D,Unit 1812D,28.100,Prep. Frames/Doors, 13 
NL:      000.00.0  ,  For standard cost code                     ,1, =    ,13,Bldg.13,1812D,Unit 1812D,28.110,1st.and 2nd.Finish Coat Frames/Doors, 31 
NL:      000.00.0  ,  For standard cost code                     ,1, =    ,13,Bldg.13,1812D,Unit 1812D,40.300,"Exterior items(Wood,Railing,under porch,Lintels etc.)", 4 
NL:      000.00.0  ,  For standard cost code                     ,1, =    ,13,Bldg.13,1812D,Unit 1812D,40.301,"Drywall work (Drywall, finish,point up)", 41 
NL:      000.00.0  ,  For standard cost code                     ,1, =    ,13,Bldg.13,1812D,Unit 1812D,50.801,"Stair metal/Prep/Prime/Finish (stairs,walls,ceiling,handrails)", 40 
NL:      000.00.0  ,  For standard cost code                     ,1, =    ,14,Bldg.14,2008D,Unit 2008D,20.110,DW Ceiling/Walls Prime Coat, 17 
NL:      000.00.0  ,  For standard cost code                     ,1, =    ,14,Bldg.14,2008D,Unit 2008D,21.120,DW Walls/Columns 1st. Finish Coat, 15 
NL:      000.00.0  ,  For standard cost code                     ,1, =    ,14,Bldg.14,2008D,Unit 2008D,21.130,DW Walls/Columns 2nd.Finish Coat, 22 
NL:      000.00.0  ,  For standard cost code                     ,1, =    ,14,Bldg.14,2008D,Unit 2008D,22.120,DW Ceilings 1st.and 2nd.Finish Coat, 6 
NL:      000.00.0  ,  For standard cost code                     ,1, =    ,14,Bldg.14,2008D,Unit 2008D,28.100,Prep. Frames/Doors, 13 
NL:      000.00.0  ,  For standard cost code                     ,1, =    ,14,Bldg.14,2008D,Unit 2008D,28.110,1st.and 2nd.Finish Coat Frames/Doors, 31 
NL:      000.00.0  ,  For standard cost code                     ,1, =    ,14,Bldg.14,2008D,Unit 2008D,40.300,"Exterior items(Wood,Railing,under porch,Lintels etc.)", 4 
NL:      000.00.0  ,  For standard cost code                     ,1, =    ,14,Bldg.14,2008D,Unit 2008D,40.301,"Drywall work (Drywall, finish,point up)", 41 
NL:      000.00.0  ,  For standard cost code                     ,1, =    ,14,Bldg.14,2008D,Unit 2008D,50.801,"Stair metal/Prep/Prime/Finish (stairs,walls,ceiling,handrails)", 40 
NL:      000.00.0  ,  For standard cost code                     ,1, =    ,14,Bldg.14,2010D,Unit 2010D,20.110,DW Ceiling/Walls Prime Coat, 17 
NL:      000.00.0  ,  For standard cost code                     ,1, =    ,14,Bldg.14,2010D,Unit 2010D,21.120,DW Walls/Columns 1st. Finish Coat, 15 
NL:      000.00.0  ,  For standard cost code                     ,1, =    ,14,Bldg.14,2010D,Unit 2010D,21.130,DW Walls/Columns 2nd.Finish Coat, 22 
NL:      000.00.0  ,  For standard cost code                     ,1, =    ,14,Bldg.14,2010D,Unit 2010D,22.120,DW Ceilings 1st.and 2nd.Finish Coat, 6 
NL:      000.00.0  ,  For standard cost code                     ,1, =    ,14,Bldg.14,2010D,Unit 2010D,28.100,Prep. Frames/Doors, 13 
NL:      000.00.0  ,  For standard cost code                     ,1, =    ,14,Bldg.14,2010D,Unit 2010D,28.110,1st.and 2nd.Finish Coat Frames/Doors, 31 
NL:      000.00.0  ,  For standard cost code                     ,1, =    ,14,Bldg.14,2010D,Unit 2010D,40.300,"Exterior items(Wood,Railing,under porch,Lintels etc.)", 4 
NL:      000.00.0  ,  For standard cost code                     ,1, =    ,14,Bldg.14,2010D,Unit 2010D,40.301,"Drywall work (Drywall, finish,point up)", 41 
NL:      000.00.0  ,  For standard cost code                     ,1, =    ,14,Bldg.14,2010D,Unit 2010D,50.801,"Stair metal/Prep/Prime/Finish (stairs,walls,ceiling,handrails)", 40 
NL:      000.00.0  ,  For standard cost code                     ,1, =    ,15,Bldg.15,2012C,Unit 2012C,20.110,DW Ceiling/Walls Prime Coat, 13 
NL:      000.00.0  ,  For standard cost code                     ,1, =    ,15,Bldg.15,2012C,Unit 2012C,21.120,DW Walls/Columns 1st. Finish Coat, 11 
NL:      000.00.0  ,  For standard cost code                     ,1, =    ,15,Bldg.15,2012C,Unit 2012C,21.130,DW Walls/Columns 2nd.Finish Coat, 16 
NL:      000.00.0  ,  For standard cost code                     ,1, =    ,15,Bldg.15,2012C,Unit 2012C,22.120,DW Ceilings 1st.and 2nd.Finish Coat, 4 
NL:      000.00.0  ,  For standard cost code                     ,1, =    ,15,Bldg.15,2012C,Unit 2012C,28.100,Prep. Frames/Doors, 12 
NL:      000.00.0  ,  For standard cost code                     ,1, =    ,15,Bldg.15,2012C,Unit 2012C,28.110,1st.and 2nd.Finish Coat Frames/Doors, 28 
NL:      000.00.0  ,  For standard cost code                     ,1, =    ,15,Bldg.15,2012C,Unit 2012C,40.300,"Exterior items(Wood,Railing,under porch,Lintels etc.)", 2 
NL:      000.00.0  ,  For standard cost code                     ,1, =    ,15,Bldg.15,2012C,Unit 2012C,40.301,"Drywall work (Drywall, finish,point up)", 35 
NL:      000.00.0  ,  For standard cost code                     ,1, =    ,15,Bldg.15,2012C,Unit 2012C,50.801,"Stair metal/Prep/Prime/Finish (stairs,walls,ceiling,handrails)", 40 
NL:      000.00.0  ,  For standard cost code                     ,1, =    ,15,Bldg.15,2014C,Unit 2014C,20.110,DW Ceiling/Walls Prime Coat, 13 
NL:      000.00.0  ,  For standard cost code                     ,1, =    ,15,Bldg.15,2014C,Unit 2014C,21.120,DW Walls/Columns 1st. Finish Coat, 11 
NL:      000.00.0  ,  For standard cost code                     ,1, =    ,15,Bldg.15,2014C,Unit 2014C,21.130,DW Walls/Columns 2nd.Finish Coat, 16 
NL:      000.00.0  ,  For standard cost code                     ,1, =    ,15,Bldg.15,2014C,Unit 2014C,22.120,DW Ceilings 1st.and 2nd.Finish Coat, 4 
NL:      000.00.0  ,  For standard cost code                     ,1, =    ,15,Bldg.15,2014C,Unit 2014C,28.100,Prep. Frames/Doors, 12 
NL:      000.00.0  ,  For standard cost code                     ,1, =    ,15,Bldg.15,2014C,Unit 2014C,28.110,1st.and 2nd.Finish Coat Frames/Doors, 28 
NL:      000.00.0  ,  For standard cost code                     ,1, =    ,15,Bldg.15,2014C,Unit 2014C,40.300,"Exterior items(Wood,Railing,under porch,Lintels etc.)", 2 
NL:      000.00.0  ,  For standard cost code                     ,1, =    ,15,Bldg.15,2014C,Unit 2014C,40.301,"Drywall work (Drywall, finish,point up)", 35 
NL:      000.00.0  ,  For standard cost code                     ,1, =    ,15,Bldg.15,2014C,Unit 2014C,50.801,"Stair metal/Prep/Prime/Finish (stairs,walls,ceiling,handrails)", 40 
NL:      000.00.0  ,  For standard cost code                     ,1, =    ,16,Bldg.16,1887D,Unit 1887D,20.110,DW Ceiling/Walls Prime Coat, 17 
NL:      000.00.0  ,  For standard cost code                     ,1, =    ,16,Bldg.16,1887D,Unit 1887D,21.120,DW Walls/Columns 1st. Finish Coat, 15 
NL:      000.00.0  ,  For standard cost code                     ,1, =    ,16,Bldg.16,1887D,Unit 1887D,21.130,DW Walls/Columns 2nd.Finish Coat, 22 
NL:      000.00.0  ,  For standard cost code                     ,1, =    ,16,Bldg.16,1887D,Unit 1887D,22.120,DW Ceilings 1st.and 2nd.Finish Coat, 6 
NL:      000.00.0  ,  For standard cost code                     ,1, =    ,16,Bldg.16,1887D,Unit 1887D,28.100,Prep. Frames/Doors, 13 
NL:      000.00.0  ,  For standard cost code                     ,1, =    ,16,Bldg.16,1887D,Unit 1887D,28.110,1st.and 2nd.Finish Coat Frames/Doors, 31 
NL:      000.00.0  ,  For standard cost code                     ,1, =    ,16,Bldg.16,1887D,Unit 1887D,40.300,"Exterior items(Wood,Railing,under porch,Lintels etc.)", 4 
NL:      000.00.0  ,  For standard cost code                     ,1, =    ,16,Bldg.16,1887D,Unit 1887D,40.301,"Drywall work (Drywall, finish,point up)", 41 
NL:      000.00.0  ,  For standard cost code                     ,1, =    ,16,Bldg.16,1887D,Unit 1887D,50.801,"Stair metal/Prep/Prime/Finish (stairs,walls,ceiling,handrails)", 40 
NL:      000.00.0  ,  For standard cost code                     ,1, =    ,16,Bldg.16,1889D,Unit 1889D,20.110,DW Ceiling/Walls Prime Coat, 17 
NL:      000.00.0  ,  For standard cost code                     ,1, =    ,16,Bldg.16,1889D,Unit 1889D,21.120,DW Walls/Columns 1st. Finish Coat, 15 
NL:      000.00.0  ,  For standard cost code                     ,1, =    ,16,Bldg.16,1889D,Unit 1889D,21.130,DW Walls/Columns 2nd.Finish Coat, 22 
NL:      000.00.0  ,  For standard cost code                     ,1, =    ,16,Bldg.16,1889D,Unit 1889D,22.120,DW Ceilings 1st.and 2nd.Finish Coat, 6 
NL:      000.00.0  ,  For standard cost code                     ,1, =    ,16,Bldg.16,1889D,Unit 1889D,28.100,Prep. Frames/Doors, 13 
NL:      000.00.0  ,  For standard cost code                     ,1, =    ,16,Bldg.16,1889D,Unit 1889D,28.110,1st.and 2nd.Finish Coat Frames/Doors, 31 
NL:      000.00.0  ,  For standard cost code                     ,1, =    ,16,Bldg.16,1889D,Unit 1889D,40.300,"Exterior items(Wood,Railing,under porch,Lintels etc.)", 4 
NL:      000.00.0  ,  For standard cost code                     ,1, =    ,16,Bldg.16,1889D,Unit 1889D,40.301,"Drywall work (Drywall, finish,point up)", 41 
NL:      000.00.0  ,  For standard cost code                     ,1, =    ,16,Bldg.16,1889D,Unit 1889D,50.801,"Stair metal/Prep/Prime/Finish (stairs,walls,ceiling,handrails)", 40 
NL:      000.00.0  ,  For standard cost code                     ,1, =    ,16,Bldg.16,1891D,Unit 1891D,20.110,DW Ceiling/Walls Prime Coat, 17 
NL:      000.00.0  ,  For standard cost code                     ,1, =    ,16,Bldg.16,1891D,Unit 1891D,21.120,DW Walls/Columns 1st. Finish Coat, 15 
NL:      000.00.0  ,  For standard cost code                     ,1, =    ,16,Bldg.16,1891D,Unit 1891D,21.130,DW Walls/Columns 2nd.Finish Coat, 22 
NL:      000.00.0  ,  For standard cost code                     ,1, =    ,16,Bldg.16,1891D,Unit 1891D,22.120,DW Ceilings 1st.and 2nd.Finish Coat, 6 
NL:      000.00.0  ,  For standard cost code                     ,1, =    ,16,Bldg.16,1891D,Unit 1891D,28.100,Prep. Frames/Doors, 13 
NL:      000.00.0  ,  For standard cost code                     ,1, =    ,16,Bldg.16,1891D,Unit 1891D,28.110,1st.and 2nd.Finish Coat Frames/Doors, 31 
NL:      000.00.0  ,  For standard cost code                     ,1, =    ,16,Bldg.16,1891D,Unit 1891D,40.300,"Exterior items(Wood,Railing,under porch,Lintels etc.)", 4 
NL:      000.00.0  ,  For standard cost code                     ,1, =    ,16,Bldg.16,1891D,Unit 1891D,40.301,"Drywall work (Drywall, finish,point up)", 41 
NL:      000.00.0  ,  For standard cost code                     ,1, =    ,16,Bldg.16,1891D,Unit 1891D,50.801,"Stair metal/Prep/Prime/Finish (stairs,walls,ceiling,handrails)", 40 
NL:      000.00.0  ,  For standard cost code                     ,1, =    ,16,Bldg.16,1893D,Unit 1893D,20.110,DW Ceiling/Walls Prime Coat, 17 
NL:      000.00.0  ,  For standard cost code                     ,1, =    ,16,Bldg.16,1893D,Unit 1893D,21.120,DW Walls/Columns 1st. Finish Coat, 15 
NL:      000.00.0  ,  For standard cost code                     ,1, =    ,16,Bldg.16,1893D,Unit 1893D,21.130,DW Walls/Columns 2nd.Finish Coat, 22 
NL:      000.00.0  ,  For standard cost code                     ,1, =    ,16,Bldg.16,1893D,Unit 1893D,22.120,DW Ceilings 1st.and 2nd.Finish Coat, 6 
NL:      000.00.0  ,  For standard cost code                     ,1, =    ,16,Bldg.16,1893D,Unit 1893D,28.100,Prep. Frames/Doors, 13 
NL:      000.00.0  ,  For standard cost code                     ,1, =    ,16,Bldg.16,1893D,Unit 1893D,28.110,1st.and 2nd.Finish Coat Frames/Doors, 31 
NL:      000.00.0  ,  For standard cost code                     ,1, =    ,16,Bldg.16,1893D,Unit 1893D,40.300,"Exterior items(Wood,Railing,under porch,Lintels etc.)", 4 
NL:      000.00.0  ,  For standard cost code                     ,1, =    ,16,Bldg.16,1893D,Unit 1893D,40.301,"Drywall work (Drywall, finish,point up)", 41 
NL:      000.00.0  ,  For standard cost code                     ,1, =    ,16,Bldg.16,1893D,Unit 1893D,50.801,"Stair metal/Prep/Prime/Finish (stairs,walls,ceiling,handrails)", 40 
NL:      000.00.0  ,  For standard cost code                     ,1, =    ,17,Bldg.17,1821D,Unit 1821D,20.110,DW Ceiling/Walls Prime Coat, 17 
NL:      000.00.0  ,  For standard cost code                     ,1, =    ,17,Bldg.17,1821D,Unit 1821D,21.120,DW Walls/Columns 1st. Finish Coat, 15 
NL:      000.00.0  ,  For standard cost code                     ,1, =    ,17,Bldg.17,1821D,Unit 1821D,21.130,DW Walls/Columns 2nd.Finish Coat, 22 
NL:      000.00.0  ,  For standard cost code                     ,1, =    ,17,Bldg.17,1821D,Unit 1821D,22.120,DW Ceilings 1st.and 2nd.Finish Coat, 6 
NL:      000.00.0  ,  For standard cost code                     ,1, =    ,17,Bldg.17,1821D,Unit 1821D,28.100,Prep. Frames/Doors, 13 
NL:      000.00.0  ,  For standard cost code                     ,1, =    ,17,Bldg.17,1821D,Unit 1821D,28.110,1st.and 2nd.Finish Coat Frames/Doors, 31 
NL:      000.00.0  ,  For standard cost code                     ,1, =    ,17,Bldg.17,1821D,Unit 1821D,40.300,"Exterior items(Wood,Railing,under porch,Lintels etc.)", 4 
NL:      000.00.0  ,  For standard cost code                     ,1, =    ,17,Bldg.17,1821D,Unit 1821D,40.301,"Drywall work (Drywall, finish,point up)", 41 
NL:      000.00.0  ,  For standard cost code                     ,1, =    ,17,Bldg.17,1821D,Unit 1821D,50.801,"Stair metal/Prep/Prime/Finish (stairs,walls,ceiling,handrails)", 40 
NL:      000.00.0  ,  For standard cost code                     ,1, =    ,17,Bldg.17,1823D,Unit 1823D,20.110,DW Ceiling/Walls Prime Coat, 17 
NL:      000.00.0  ,  For standard cost code                     ,1, =    ,17,Bldg.17,1823D,Unit 1823D,21.120,DW Walls/Columns 1st. Finish Coat, 15 
NL:      000.00.0  ,  For standard cost code                     ,1, =    ,17,Bldg.17,1823D,Unit 1823D,21.130,DW Walls/Columns 2nd.Finish Coat, 22 
NL:      000.00.0  ,  For standard cost code                     ,1, =    ,17,Bldg.17,1823D,Unit 1823D,22.120,DW Ceilings 1st.and 2nd.Finish Coat, 6 
NL:      000.00.0  ,  For standard cost code                     ,1, =    ,17,Bldg.17,1823D,Unit 1823D,28.100,Prep. Frames/Doors, 13 
NL:      000.00.0  ,  For standard cost code                     ,1, =    ,17,Bldg.17,1823D,Unit 1823D,28.110,1st.and 2nd.Finish Coat Frames/Doors, 31 
NL:      000.00.0  ,  For standard cost code                     ,1, =    ,17,Bldg.17,1823D,Unit 1823D,40.300,"Exterior items(Wood,Railing,under porch,Lintels etc.)", 4 
NL:      000.00.0  ,  For standard cost code                     ,1, =    ,17,Bldg.17,1823D,Unit 1823D,40.301,"Drywall work (Drywall, finish,point up)", 41 
NL:      000.00.0  ,  For standard cost code                     ,1, =    ,17,Bldg.17,1823D,Unit 1823D,50.801,"Stair metal/Prep/Prime/Finish (stairs,walls,ceiling,handrails)", 40 
NL:      000.00.0  ,  For standard cost code                     ,1, =    ,17,Bldg.17,1825D,Unit 1825D,20.110,DW Ceiling/Walls Prime Coat, 17 
NL:      000.00.0  ,  For standard cost code                     ,1, =    ,17,Bldg.17,1825D,Unit 1825D,21.120,DW Walls/Columns 1st. Finish Coat, 15 
NL:      000.00.0  ,  For standard cost code                     ,1, =    ,17,Bldg.17,1825D,Unit 1825D,21.130,DW Walls/Columns 2nd.Finish Coat, 22 
NL:      000.00.0  ,  For standard cost code                     ,1, =    ,17,Bldg.17,1825D,Unit 1825D,22.120,DW Ceilings 1st.and 2nd.Finish Coat, 6 
NL:      000.00.0  ,  For standard cost code                     ,1, =    ,17,Bldg.17,1825D,Unit 1825D,28.100,Prep. Frames/Doors, 13 
NL:      000.00.0  ,  For standard cost code                     ,1, =    ,17,Bldg.17,1825D,Unit 1825D,28.110,1st.and 2nd.Finish Coat Frames/Doors, 31 
NL:      000.00.0  ,  For standard cost code                     ,1, =    ,17,Bldg.17,1825D,Unit 1825D,40.300,"Exterior items(Wood,Railing,under porch,Lintels etc.)", 4 
NL:      000.00.0  ,  For standard cost code                     ,1, =    ,17,Bldg.17,1825D,Unit 1825D,40.301,"Drywall work (Drywall, finish,point up)", 41 
NL:      000.00.0  ,  For standard cost code                     ,1, =    ,17,Bldg.17,1825D,Unit 1825D,50.801,"Stair metal/Prep/Prime/Finish (stairs,walls,ceiling,handrails)", 40 
NL:      000.00.0  ,  For standard cost code                     ,1, =    ,17,Bldg.17,1827D,Unit 1827D,20.110,DW Ceiling/Walls Prime Coat, 17 
NL:      000.00.0  ,  For standard cost code                     ,1, =    ,17,Bldg.17,1827D,Unit 1827D,21.120,DW Walls/Columns 1st. Finish Coat, 15 
NL:      000.00.0  ,  For standard cost code                     ,1, =    ,17,Bldg.17,1827D,Unit 1827D,21.130,DW Walls/Columns 2nd.Finish Coat, 22 
NL:      000.00.0  ,  For standard cost code                     ,1, =    ,17,Bldg.17,1827D,Unit 1827D,22.120,DW Ceilings 1st.and 2nd.Finish Coat, 6 
NL:      000.00.0  ,  For standard cost code                     ,1, =    ,17,Bldg.17,1827D,Unit 1827D,28.100,Prep. Frames/Doors, 13 
NL:      000.00.0  ,  For standard cost code                     ,1, =    ,17,Bldg.17,1827D,Unit 1827D,28.110,1st.and 2nd.Finish Coat Frames/Doors, 31 
NL:      000.00.0  ,  For standard cost code                     ,1, =    ,17,Bldg.17,1827D,Unit 1827D,40.300,"Exterior items(Wood,Railing,under porch,Lintels etc.)", 4 
NL:      000.00.0  ,  For standard cost code                     ,1, =    ,17,Bldg.17,1827D,Unit 1825D,40.301,"Drywall work (Drywall, finish,point up)", 41 
NL:      000.00.0  ,  For standard cost code                     ,1, =    ,17,Bldg.17,1827D,Unit 1827D,50.801,"Stair metal/Prep/Prime/Finish (stairs,walls,ceiling,handrails)", 40 
NL:      000.00.0  ,  For standard cost code                     ,1, =    ,17,Bldg.17,1829C,Unit 1829C,20.110,DW Ceiling/Walls Prime Coat, 13 
NL:      000.00.0  ,  For standard cost code                     ,1, =    ,17,Bldg.17,1829C,Unit 1829C,21.120,DW Walls/Columns 1st. Finish Coat, 11 
NL:      000.00.0  ,  For standard cost code                     ,1, =    ,17,Bldg.17,1829C,Unit 1829C,21.130,DW Walls/Columns 2nd.Finish Coat, 16 
NL:      000.00.0  ,  For standard cost code                     ,1, =    ,17,Bldg.17,1829C,Unit 1829C,22.120,DW Ceilings 1st.and 2nd.Finish Coat, 4 
NL:      000.00.0  ,  For standard cost code                     ,1, =    ,17,Bldg.17,1829C,Unit 1829C,28.100,Prep. Frames/Doors, 12 
NL:      000.00.0  ,  For standard cost code                     ,1, =    ,17,Bldg.17,1829C,Unit 1829C,28.110,1st.and 2nd.Finish Coat Frames/Doors, 28 
NL:      000.00.0  ,  For standard cost code                     ,1, =    ,17,Bldg.17,1829C,Unit 1829C,40.300,"Exterior items(Wood,Railing,under porch,Lintels etc.)", 2 
NL:      000.00.0  ,  For standard cost code                     ,1, =    ,17,Bldg.17,1829C,Unit 1829C,40.301,"Drywall work (Drywall, finish,point up)", 35 
NL:      000.00.0  ,  For standard cost code                     ,1, =    ,17,Bldg.17,1829C,Unit 1829C,50.801,"Stair metal/Prep/Prime/Finish (stairs,walls,ceiling,handrails)", 40 
NL:      000.00.0  ,  For standard cost code                     ,1, =    ,17,Bldg.17,1831C,Unit 1831C,20.110,DW Ceiling/Walls Prime Coat, 13 
NL:      000.00.0  ,  For standard cost code                     ,1, =    ,17,Bldg.17,1831C,Unit 1831C,21.120,DW Walls/Columns 1st. Finish Coat, 11 
NL:      000.00.0  ,  For standard cost code                     ,1, =    ,17,Bldg.17,1831C,Unit 1831C,21.130,DW Walls/Columns 2nd.Finish Coat, 16 
NL:      000.00.0  ,  For standard cost code                     ,1, =    ,17,Bldg.17,1831C,Unit 1831C,22.120,DW Ceilings 1st.and 2nd.Finish Coat, 4 
NL:      000.00.0  ,  For standard cost code                     ,1, =    ,17,Bldg.17,1831C,Unit 1831C,28.100,Prep. Frames/Doors, 12 
NL:      000.00.0  ,  For standard cost code                     ,1, =    ,17,Bldg.17,1831C,Unit 1831C,28.110,1st.and 2nd.Finish Coat Frames/Doors, 28 
NL:      000.00.0  ,  For standard cost code                     ,1, =    ,17,Bldg.17,1831C,Unit 1831C,40.300,"Exterior items(Wood,Railing,under porch,Lintels etc.)", 2 
NL:      000.00.0  ,  For standard cost code                     ,1, =    ,17,Bldg.17,1831C,Unit 1831C,40.301,"Drywall work (Drywall, finish,point up)", 35 
NL:      000.00.0  ,  For standard cost code                     ,1, =    ,17,Bldg.17,1831C,Unit 1831C,50.801,"Stair metal/Prep/Prime/Finish (stairs,walls,ceiling,handrails)", 40 
NL:      000.00.0  ,  For standard cost code                     ,1, =    ,18,Bldg.18,1730C,Unit 1730C,20.110,DW Ceiling/Walls Prime Coat, 13 
NL:      000.00.0  ,  For standard cost code                     ,1, =    ,18,Bldg.18,1730C,Unit 1730C,21.120,DW Walls/Columns 1st. Finish Coat, 11 
NL:      000.00.0  ,  For standard cost code                     ,1, =    ,18,Bldg.18,1730C,Unit 1730C,21.130,DW Walls/Columns 2nd.Finish Coat, 16 
NL:      000.00.0  ,  For standard cost code                     ,1, =    ,18,Bldg.18,1730C,Unit 1730C,22.120,DW Ceilings 1st.and 2nd.Finish Coat, 4 
NL:      000.00.0  ,  For standard cost code                     ,1, =    ,18,Bldg.18,1730C,Unit 1730C,28.100,Prep. Frames/Doors, 12 
NL:      000.00.0  ,  For standard cost code                     ,1, =    ,18,Bldg.18,1730C,Unit 1730C,28.110,1st.and 2nd.Finish Coat Frames/Doors, 28 
NL:      000.00.0  ,  For standard cost code                     ,1, =    ,18,Bldg.18,1730C,Unit 1730C,40.300,"Exterior items(Wood,Railing,under porch,Lintels etc.)", 2 
NL:      000.00.0  ,  For standard cost code                     ,1, =    ,18,Bldg.18,1730C,Unit 1730C,40.301,"Drywall work (Drywall, finish,point up)", 35 
NL:      000.00.0  ,  For standard cost code                     ,1, =    ,18,Bldg.18,1730C,Unit 1730C,50.801,"Stair metal/Prep/Prime/Finish (stairs,walls,ceiling,handrails)", 40 
NL:      000.00.0  ,  For standard cost code                     ,1, =    ,18,Bldg.18,1732C,Unit 1732C,20.110,DW Ceiling/Walls Prime Coat, 13 
NL:      000.00.0  ,  For standard cost code                     ,1, =    ,18,Bldg.18,1732C,Unit 1732C,21.120,DW Walls/Columns 1st. Finish Coat, 11 
NL:      000.00.0  ,  For standard cost code                     ,1, =    ,18,Bldg.18,1732C,Unit 1732C,21.130,DW Walls/Columns 2nd.Finish Coat, 16 
NL:      000.00.0  ,  For standard cost code                     ,1, =    ,18,Bldg.18,1732C,Unit 1732C,22.120,DW Ceilings 1st.and 2nd.Finish Coat, 4 
NL:      000.00.0  ,  For standard cost code                     ,1, =    ,18,Bldg.18,1732C,Unit 1732C,28.100,Prep. Frames/Doors, 12 
NL:      000.00.0  ,  For standard cost code                     ,1, =    ,18,Bldg.18,1732C,Unit 1732C,28.110,1st.and 2nd.Finish Coat Frames/Doors, 28 
NL:      000.00.0  ,  For standard cost code                     ,1, =    ,18,Bldg.18,1732C,Unit 1732C,40.300,"Exterior items(Wood,Railing,under porch,Lintels etc.)", 2 
NL:      000.00.0  ,  For standard cost code                     ,1, =    ,18,Bldg.18,1732C,Unit 1732C,40.301,"Drywall work (Drywall, finish,point up)", 35 
NL:      000.00.0  ,  For standard cost code                     ,1, =    ,18,Bldg.18,1732C,Unit 1732C,50.801,"Stair metal/Prep/Prime/Finish (stairs,walls,ceiling,handrails)", 40 
NL:      000.00.0  ,  For standard cost code                     ,1, =    ,18,Bldg.18,1734D,Unit 1734D,20.110,DW Ceiling/Walls Prime Coat, 17 
NL:      000.00.0  ,  For standard cost code                     ,1, =    ,18,Bldg.18,1734D,Unit 1734D,21.120,DW Walls/Columns 1st. Finish Coat, 15 
NL:      000.00.0  ,  For standard cost code                     ,1, =    ,18,Bldg.18,1734D,Unit 1734D,21.130,DW Walls/Columns 2nd.Finish Coat, 22 
NL:      000.00.0  ,  For standard cost code                     ,1, =    ,18,Bldg.18,1734D,Unit 1734D,22.120,DW Ceilings 1st.and 2nd.Finish Coat, 6 
NL:      000.00.0  ,  For standard cost code                     ,1, =    ,18,Bldg.18,1734D,Unit 1734D,28.100,Prep. Frames/Doors, 13 
NL:      000.00.0  ,  For standard cost code                     ,1, =    ,18,Bldg.18,1734D,Unit 1734D,28.110,1st.and 2nd.Finish Coat Frames/Doors, 31 
NL:      000.00.0  ,  For standard cost code                     ,1, =    ,18,Bldg.18,1734D,Unit 1734D,40.300,"Exterior items(Wood,Railing,under porch,Lintels etc.)", 4 
NL:      000.00.0  ,  For standard cost code                     ,1, =    ,18,Bldg.18,1734D,Unit 1734D,40.301,"Drywall work (Drywall, finish,point up)", 41 
NL:      000.00.0  ,  For standard cost code                     ,1, =    ,18,Bldg.18,1734D,Unit 1734D,50.801,"Stair metal/Prep/Prime/Finish (stairs,walls,ceiling,handrails)", 40 
NL:      000.00.0  ,  For standard cost code                     ,1, =    ,18,Bldg.18,1736D,Unit 1736D,20.110,DW Ceiling/Walls Prime Coat, 17 
NL:      000.00.0  ,  For standard cost code                     ,1, =    ,18,Bldg.18,1736D,Unit 1736D,21.120,DW Walls/Columns 1st. Finish Coat, 15 
NL:      000.00.0  ,  For standard cost code                     ,1, =    ,18,Bldg.18,1736D,Unit 1736D,21.130,DW Walls/Columns 2nd.Finish Coat, 22 
NL:      000.00.0  ,  For standard cost code                     ,1, =    ,18,Bldg.18,1736D,Unit 1736D,22.120,DW Ceilings 1st.and 2nd.Finish Coat, 6 
NL:      000.00.0  ,  For standard cost code                     ,1, =    ,18,Bldg.18,1736D,Unit 1736D,28.100,Prep. Frames/Doors, 13 
NL:      000.00.0  ,  For standard cost code                     ,1, =    ,18,Bldg.18,1736D,Unit 1736D,28.110,1st.and 2nd.Finish Coat Frames/Doors, 31 
NL:      000.00.0  ,  For standard cost code                     ,1, =    ,18,Bldg.18,1736D,Unit 1736D,40.300,"Exterior items(Wood,Railing,under porch,Lintels etc.)", 4 
NL:      000.00.0  ,  For standard cost code                     ,1, =    ,18,Bldg.18,1736D,Unit 1736D,40.301,"Drywall work (Drywall, finish,point up)", 41 
NL:      000.00.0  ,  For standard cost code                     ,1, =    ,18,Bldg.18,1736D,Unit 1736D,50.801,"Stair metal/Prep/Prime/Finish (stairs,walls,ceiling,handrails)", 40 
NL:      000.00.0  ,  For standard cost code                     ,1, =    ,18,Bldg.18,1738D,Unit 1738D,20.110,DW Ceiling/Walls Prime Coat, 17 
NL:      000.00.0  ,  For standard cost code                     ,1, =    ,18,Bldg.18,1738D,Unit 1738D,21.120,DW Walls/Columns 1st. Finish Coat, 15 
NL:      000.00.0  ,  For standard cost code                     ,1, =    ,18,Bldg.18,1738D,Unit 1738D,21.130,DW Walls/Columns 2nd.Finish Coat, 22 
NL:      000.00.0  ,  For standard cost code                     ,1, =    ,18,Bldg.18,1738D,Unit 1738D,22.120,DW Ceilings 1st.and 2nd.Finish Coat, 6 
NL:      000.00.0  ,  For standard cost code                     ,1, =    ,18,Bldg.18,1738D,Unit 1738D,28.100,Prep. Frames/Doors, 13 
NL:      000.00.0  ,  For standard cost code                     ,1, =    ,18,Bldg.18,1738D,Unit 1738D,28.110,1st.and 2nd.Finish Coat Frames/Doors, 31 
NL:      000.00.0  ,  For standard cost code                     ,1, =    ,18,Bldg.18,1738D,Unit 1738D,40.300,"Exterior items(Wood,Railing,under porch,Lintels etc.)", 4 
NL:      000.00.0  ,  For standard cost code                     ,1, =    ,18,Bldg.18,1738D,Unit 1738D,40.301,"Drywall work (Drywall, finish,point up)", 41 
NL:      000.00.0  ,  For standard cost code                     ,1, =    ,18,Bldg.18,1738D,Unit 1738D,50.801,"Stair metal/Prep/Prime/Finish (stairs,walls,ceiling,handrails)", 40 
NL:      000.00.0  ,  For standard cost code                     ,1, =    ,19,Bldg.19,1740A,Unit 1740A,20.110,DW Ceiling/Walls Prime Coat, 6 
NL:      000.00.0  ,  For standard cost code                     ,1, =    ,19,Bldg.19,1740A,Unit 1740A,21.120,DW Walls/Columns 1st. Finish Coat, 6 
NL:      000.00.0  ,  For standard cost code                     ,1, =    ,19,Bldg.19,1740A,Unit 1740A,21.130,DW Walls/Columns 2nd.Finish Coat, 8 
NL:      000.00.0  ,  For standard cost code                     ,1, =    ,19,Bldg.19,1740A,Unit 1740A,22.120,DW Ceilings 1st.and 2nd.Finish Coat, 2 
NL:      000.00.0  ,  For standard cost code                     ,1, =    ,19,Bldg.19,1740A,Unit 1740A,28.100,Prep. Frames/Doors, 4 
NL:      000.00.0  ,  For standard cost code                     ,1, =    ,19,Bldg.19,1740A,Unit 1740A,28.110,1st.and 2nd.Finish Coat Frames/Doors, 11 
NL:      000.00.0  ,  For standard cost code                     ,1, =    ,19,Bldg.19,1740A,Unit 1740A,40.300,"Exterior items(Wood,Railing,under porch,Lintels etc.)", 2 
NL:      000.00.0  ,  For standard cost code                     ,1, =    ,19,Bldg.19,1740A,Unit 1740A,40.301,"Drywall work (Drywall, finish,point up)", 11 
NL:      000.00.0  ,  For standard cost code                     ,1, =    ,19,Bldg.19,1740A,Unit 1740A,50.801,"Stair metal/Prep/Prime/Finish (stairs,walls,ceiling,handrails)", 2 
NL:      000.00.0  ,  For standard cost code                     ,1, =    ,19,Bldg.19,1742A,Unit 1742A,20.110,DW Ceiling/Walls Prime Coat, 6 
NL:      000.00.0  ,  For standard cost code                     ,1, =    ,19,Bldg.19,1742A,Unit 1742A,21.120,DW Walls/Columns 1st. Finish Coat, 6 
NL:      000.00.0  ,  For standard cost code                     ,1, =    ,19,Bldg.19,1742A,Unit 1742A,21.130,DW Walls/Columns 2nd.Finish Coat, 8 
NL:      000.00.0  ,  For standard cost code                     ,1, =    ,19,Bldg.19,1742A,Unit 1742A,22.120,DW Ceilings 1st.and 2nd.Finish Coat, 2 
NL:      000.00.0  ,  For standard cost code                     ,1, =    ,19,Bldg.19,1742A,Unit 1742A,28.100,Prep. Frames/Doors, 4 
NL:      000.00.0  ,  For standard cost code                     ,1, =    ,19,Bldg.19,1742A,Unit 1742A,28.110,1st.and 2nd.Finish Coat Frames/Doors, 11 
NL:      000.00.0  ,  For standard cost code                     ,1, =    ,19,Bldg.19,1742A,Unit 1742A,40.300,"Exterior items(Wood,Railing,under porch,Lintels etc.)", 2 
NL:      000.00.0  ,  For standard cost code                     ,1, =    ,19,Bldg.19,1742A,Unit 1742A,40.301,"Drywall work (Drywall, finish,point up)", 11 
NL:      000.00.0  ,  For standard cost code                     ,1, =    ,19,Bldg.19,1742A,Unit 1742A,50.801,"Stair metal/Prep/Prime/Finish (stairs,walls,ceiling,handrails)", 2 
NL:      000.00.0  ,  For standard cost code                     ,1, =    ,20,Bldg.20,1744A,Unit 1744A,20.110,DW Ceiling/Walls Prime Coat, 6 
NL:      000.00.0  ,  For standard cost code                     ,1, =    ,20,Bldg.20,1744A,Unit 1744A,21.120,DW Walls/Columns 1st. Finish Coat, 6 
NL:      000.00.0  ,  For standard cost code                     ,1, =    ,20,Bldg.20,1744A,Unit 1744A,21.130,DW Walls/Columns 2nd.Finish Coat, 8 
NL:      000.00.0  ,  For standard cost code                     ,1, =    ,20,Bldg.20,1744A,Unit 1744A,22.120,DW Ceilings 1st.and 2nd.Finish Coat, 2 
NL:      000.00.0  ,  For standard cost code                     ,1, =    ,20,Bldg.20,1744A,Unit 1744A,28.100,Prep. Frames/Doors, 4 
NL:      000.00.0  ,  For standard cost code                     ,1, =    ,20,Bldg.20,1744A,Unit 1744A,28.110,1st.and 2nd.Finish Coat Frames/Doors, 11 
NL:      000.00.0  ,  For standard cost code                     ,1, =    ,20,Bldg.20,1744A,Unit 1744A,40.300,"Exterior items(Wood,Railing,under porch,Lintels etc.)", 2 
NL:      000.00.0  ,  For standard cost code                     ,1, =    ,20,Bldg.20,1744A,Unit 1744A,40.301,"Drywall work (Drywall, finish,point up)", 11 
NL:      000.00.0  ,  For standard cost code                     ,1, =    ,20,Bldg.20,1744A,Unit 1744A,50.801,"Stair metal/Prep/Prime/Finish (stairs,walls,ceiling,handrails)", 2 
NL:      000.00.0  ,  For standard cost code                     ,1, =    ,20,Bldg.20,1746A,Unit 1746A,20.110,DW Ceiling/Walls Prime Coat, 6 
NL:      000.00.0  ,  For standard cost code                     ,1, =    ,20,Bldg.20,1746A,Unit 1746A,21.120,DW Walls/Columns 1st. Finish Coat, 6 
NL:      000.00.0  ,  For standard cost code                     ,1, =    ,20,Bldg.20,1746A,Unit 1746A,21.130,DW Walls/Columns 2nd.Finish Coat, 8 
NL:      000.00.0  ,  For standard cost code                     ,1, =    ,20,Bldg.20,1746A,Unit 1746A,22.120,DW Ceilings 1st.and 2nd.Finish Coat, 2 
NL:      000.00.0  ,  For standard cost code                     ,1, =    ,20,Bldg.20,1746A,Unit 1746A,28.100,Prep. Frames/Doors, 4 
NL:      000.00.0  ,  For standard cost code                     ,1, =    ,20,Bldg.20,1746A,Unit 1746A,28.110,1st.and 2nd.Finish Coat Frames/Doors, 11 
NL:      000.00.0  ,  For standard cost code                     ,1, =    ,20,Bldg.20,1746A,Unit 1746A,40.300,"Exterior items(Wood,Railing,under porch,Lintels etc.)", 2 
NL:      000.00.0  ,  For standard cost code                     ,1, =    ,20,Bldg.20,1746A,Unit 1746A,40.301,"Drywall work (Drywall, finish,point up)", 11 
NL:      000.00.0  ,  For standard cost code                     ,1, =    ,20,Bldg.20,1746A,Unit 1746A,50.801,"Stair metal/Prep/Prime/Finish (stairs,walls,ceiling,handrails)", 2 
NL:      000.00.0  ,  For standard cost code                     ,1, =    ,21,Bldg.21,1748A,Unit 1748A,20.110,DW Ceiling/Walls Prime Coat, 6 
NL:      000.00.0  ,  For standard cost code                     ,1, =    ,21,Bldg.21,1748A,Unit 1748A,21.120,DW Walls/Columns 1st. Finish Coat, 6 
NL:      000.00.0  ,  For standard cost code                     ,1, =    ,21,Bldg.21,1748A,Unit 1748A,21.130,DW Walls/Columns 2nd.Finish Coat, 8 
NL:      000.00.0  ,  For standard cost code                     ,1, =    ,21,Bldg.21,1748A,Unit 1748A,22.120,DW Ceilings 1st.and 2nd.Finish Coat, 2 
NL:      000.00.0  ,  For standard cost code                     ,1, =    ,21,Bldg.21,1748A,Unit 1748A,28.100,Prep. Frames/Doors, 4 
NL:      000.00.0  ,  For standard cost code                     ,1, =    ,21,Bldg.21,1748A,Unit 1748A,28.110,1st.and 2nd.Finish Coat Frames/Doors, 11 
NL:      000.00.0  ,  For standard cost code                     ,1, =    ,21,Bldg.21,1748A,Unit 1748A,40.300,"Exterior items(Wood,Railing,under porch,Lintels etc.)", 2 
NL:      000.00.0  ,  For standard cost code                     ,1, =    ,21,Bldg.21,1748A,Unit 1748A,40.301,"Drywall work (Drywall, finish,point up)", 11 
NL:      000.00.0  ,  For standard cost code                     ,1, =    ,21,Bldg.21,1748A,Unit 1748A,50.801,"Stair metal/Prep/Prime/Finish (stairs,walls,ceiling,handrails)", 2 
NL:      000.00.0  ,  For standard cost code                     ,1, =    ,21,Bldg.21,1750A,Unit 1750A,20.110,DW Ceiling/Walls Prime Coat, 6 
NL:      000.00.0  ,  For standard cost code                     ,1, =    ,21,Bldg.21,1750A,Unit 1750A,21.120,DW Walls/Columns 1st. Finish Coat, 6 
NL:      000.00.0  ,  For standard cost code                     ,1, =    ,21,Bldg.21,1750A,Unit 1750A,21.130,DW Walls/Columns 2nd.Finish Coat, 8 
NL:      000.00.0  ,  For standard cost code                     ,1, =    ,21,Bldg.21,1750A,Unit 1750A,22.120,DW Ceilings 1st.and 2nd.Finish Coat, 2 
NL:      000.00.0  ,  For standard cost code                     ,1, =    ,21,Bldg.21,1750A,Unit 1750A,28.100,Prep. Frames/Doors, 4 
NL:      000.00.0  ,  For standard cost code                     ,1, =    ,21,Bldg.21,1750A,Unit 1750A,28.110,1st.and 2nd.Finish Coat Frames/Doors, 11 
NL:      000.00.0  ,  For standard cost code                     ,1, =    ,21,Bldg.21,1750A,Unit 1750A,40.300,"Exterior items(Wood,Railing,under porch,Lintels etc.)", 2 
NL:      000.00.0  ,  For standard cost code                     ,1, =    ,21,Bldg.21,1750A,Unit 1750A,40.301,"Drywall work (Drywall, finish,point up)", 11 
NL:      000.00.0  ,  For standard cost code                     ,1, =    ,21,Bldg.21,1750A,Unit 1750A,50.801,"Stair metal/Prep/Prime/Finish (stairs,walls,ceiling,handrails)", 2 
NL:      000.00.0  ,  For standard cost code                     ,1, =    ,22,Bldg.22,1752A,Unit 1752A,20.110,DW Ceiling/Walls Prime Coat, 6 
NL:      000.00.0  ,  For standard cost code                     ,1, =    ,22,Bldg.22,1752A,Unit 1752A,21.120,DW Walls/Columns 1st. Finish Coat, 6 
NL:      000.00.0  ,  For standard cost code                     ,1, =    ,22,Bldg.22,1752A,Unit 1752A,21.130,DW Walls/Columns 2nd.Finish Coat, 8 
NL:      000.00.0  ,  For standard cost code                     ,1, =    ,22,Bldg.22,1752A,Unit 1752A,22.120,DW Ceilings 1st.and 2nd.Finish Coat, 2 
NL:      000.00.0  ,  For standard cost code                     ,1, =    ,22,Bldg.22,1752A,Unit 1752A,28.100,Prep. Frames/Doors, 4 
NL:      000.00.0  ,  For standard cost code                     ,1, =    ,22,Bldg.22,1752A,Unit 1752A,28.110,1st.and 2nd.Finish Coat Frames/Doors, 11 
NL:      000.00.0  ,  For standard cost code                     ,1, =    ,22,Bldg.22,1752A,Unit 1752A,40.300,"Exterior items(Wood,Railing,under porch,Lintels etc.)", 2 
NL:      000.00.0  ,  For standard cost code                     ,1, =    ,22,Bldg.22,1752A,Unit 1752A,40.301,"Drywall work (Drywall, finish,point up)", 11 
NL:      000.00.0  ,  For standard cost code                     ,1, =    ,22,Bldg.22,1752A,Unit 1752A,50.801,"Stair metal/Prep/Prime/Finish (stairs,walls,ceiling,handrails)", 2 
NL:      000.00.0  ,  For standard cost code                     ,1, =    ,22,Bldg.22,1754A,Unit 1754A,20.110,DW Ceiling/Walls Prime Coat, 6 
NL:      000.00.0  ,  For standard cost code                     ,1, =    ,22,Bldg.22,1754A,Unit 1754A,21.120,DW Walls/Columns 1st. Finish Coat, 6 
NL:      000.00.0  ,  For standard cost code                     ,1, =    ,22,Bldg.22,1754A,Unit 1754A,21.130,DW Walls/Columns 2nd.Finish Coat, 8 
NL:      000.00.0  ,  For standard cost code                     ,1, =    ,22,Bldg.22,1754A,Unit 1754A,22.120,DW Ceilings 1st.and 2nd.Finish Coat, 2 
NL:      000.00.0  ,  For standard cost code                     ,1, =    ,22,Bldg.22,1754A,Unit 1754A,28.100,Prep. Frames/Doors, 4 
NL:      000.00.0  ,  For standard cost code                     ,1, =    ,22,Bldg.22,1754A,Unit 1754A,28.110,1st.and 2nd.Finish Coat Frames/Doors, 11 
NL:      000.00.0  ,  For standard cost code                     ,1, =    ,22,Bldg.22,1754A,Unit 1754A,40.300,"Exterior items(Wood,Railing,under porch,Lintels etc.)", 2 
NL:      000.00.0  ,  For standard cost code                     ,1, =    ,22,Bldg.22,1754A,Unit 1754A,40.301,"Drywall work (Drywall, finish,point up)", 11 
NL:      000.00.0  ,  For standard cost code                     ,1, =    ,22,Bldg.22,1754A,Unit 1754A,50.801,"Stair metal/Prep/Prime/Finish (stairs,walls,ceiling,handrails)", 2 
NL:      000.00.0  ,  For standard cost code                     ,1, =    ,23,Bldg.23,1756A,Unit 1756A,20.110,DW Ceiling/Walls Prime Coat, 6 
NL:      000.00.0  ,  For standard cost code                     ,1, =    ,23,Bldg.23,1756A,Unit 1756A,21.120,DW Walls/Columns 1st. Finish Coat, 6 
NL:      000.00.0  ,  For standard cost code                     ,1, =    ,23,Bldg.23,1756A,Unit 1756A,21.130,DW Walls/Columns 2nd.Finish Coat, 8 
NL:      000.00.0  ,  For standard cost code                     ,1, =    ,23,Bldg.23,1756A,Unit 1756A,22.120,DW Ceilings 1st.and 2nd.Finish Coat, 2 
NL:      000.00.0  ,  For standard cost code                     ,1, =    ,23,Bldg.23,1756A,Unit 1756A,28.100,Prep. Frames/Doors, 4 
NL:      000.00.0  ,  For standard cost code                     ,1, =    ,23,Bldg.23,1756A,Unit 1756A,28.110,1st.and 2nd.Finish Coat Frames/Doors, 11 
NL:      000.00.0  ,  For standard cost code                     ,1, =    ,23,Bldg.23,1756A,Unit 1756A,40.300,"Exterior items(Wood,Railing,under porch,Lintels etc.)", 2 
NL:      000.00.0  ,  For standard cost code                     ,1, =    ,23,Bldg.23,1756A,Unit 1756A,40.301,"Drywall work (Drywall, finish,point up)", 11 
NL:      000.00.0  ,  For standard cost code                     ,1, =    ,23,Bldg.23,1756A,Unit 1756A,50.801,"Stair metal/Prep/Prime/Finish (stairs,walls,ceiling,handrails)", 2 
NL:      000.00.0  ,  For standard cost code                     ,1, =    ,23,Bldg.23,1758A,Unit 1758A,20.110,DW Ceiling/Walls Prime Coat, 6 
NL:      000.00.0  ,  For standard cost code                     ,1, =    ,23,Bldg.23,1758A,Unit 1758A,21.120,DW Walls/Columns 1st. Finish Coat, 6 
NL:      000.00.0  ,  For standard cost code                     ,1, =    ,23,Bldg.23,1758A,Unit 1758A,21.130,DW Walls/Columns 2nd.Finish Coat, 8 
NL:      000.00.0  ,  For standard cost code                     ,1, =    ,23,Bldg.23,1758A,Unit 1758A,22.120,DW Ceilings 1st.and 2nd.Finish Coat, 2 
NL:      000.00.0  ,  For standard cost code                     ,1, =    ,23,Bldg.23,1758A,Unit 1758A,28.100,Prep. Frames/Doors, 4 
NL:      000.00.0  ,  For standard cost code                     ,1, =    ,23,Bldg.23,1758A,Unit 1758A,28.110,1st.and 2nd.Finish Coat Frames/Doors, 11 
NL:      000.00.0  ,  For standard cost code                     ,1, =    ,23,Bldg.23,1758A,Unit 1758A,40.300,"Exterior items(Wood,Railing,under porch,Lintels etc.)", 2 
NL:      000.00.0  ,  For standard cost code                     ,1, =    ,23,Bldg.23,1758A,Unit 1758A,40.301,"Drywall work (Drywall, finish,point up)", 11 
NL:      000.00.0  ,  For standard cost code                     ,1, =    ,23,Bldg.23,1758A,Unit 1758A,50.801,"Stair metal/Prep/Prime/Finish (stairs,walls,ceiling,handrails)", 2 
NL:      000.00.0  ,  For standard cost code                     ,1, =    ,24,Bldg.24,1915C,Unit 1915C,20.110,DW Ceiling/Walls Prime Coat, 13 
NL:      000.00.0  ,  For standard cost code                     ,1, =    ,24,Bldg.24,1915C,Unit 1915C,21.120,DW Walls/Columns 1st. Finish Coat, 11 
NL:      000.00.0  ,  For standard cost code                     ,1, =    ,24,Bldg.24,1915C,Unit 1915C,21.130,DW Walls/Columns 2nd.Finish Coat, 16 
NL:      000.00.0  ,  For standard cost code                     ,1, =    ,24,Bldg.24,1915C,Unit 1915C,22.120,DW Ceilings 1st.and 2nd.Finish Coat, 4 
NL:      000.00.0  ,  For standard cost code                     ,1, =    ,24,Bldg.24,1915C,Unit 1915C,28.100,Prep. Frames/Doors, 12 
NL:      000.00.0  ,  For standard cost code                     ,1, =    ,24,Bldg.24,1915C,Unit 1915C,28.110,1st.and 2nd.Finish Coat Frames/Doors, 28 
NL:      000.00.0  ,  For standard cost code                     ,1, =    ,24,Bldg.24,1915C,Unit 1915C,40.300,"Exterior items(Wood,Railing,under porch,Lintels etc.)", 2 
NL:      000.00.0  ,  For standard cost code                     ,1, =    ,24,Bldg.24,1915C,Unit 1915C,40.301,"Drywall work (Drywall, finish,point up)", 35 
NL:      000.00.0  ,  For standard cost code                     ,1, =    ,24,Bldg.24,1915C,Unit 1915C,50.801,"Stair metal/Prep/Prime/Finish (stairs,walls,ceiling,handrails)", 40 
NL:      000.00.0  ,  For standard cost code                     ,1, =    ,24,Bldg.24,1917C,Unit 1917C,20.110,DW Ceiling/Walls Prime Coat, 13 
NL:      000.00.0  ,  For standard cost code                     ,1, =    ,24,Bldg.24,1917C,Unit 1917C,21.120,DW Walls/Columns 1st. Finish Coat, 11 
NL:      000.00.0  ,  For standard cost code                     ,1, =    ,24,Bldg.24,1917C,Unit 1917C,21.130,DW Walls/Columns 2nd.Finish Coat, 16 
NL:      000.00.0  ,  For standard cost code                     ,1, =    ,24,Bldg.24,1917C,Unit 1917C,22.120,DW Ceilings 1st.and 2nd.Finish Coat, 4 
NL:      000.00.0  ,  For standard cost code                     ,1, =    ,24,Bldg.24,1917C,Unit 1917C,28.100,Prep. Frames/Doors, 12 
NL:      000.00.0  ,  For standard cost code                     ,1, =    ,24,Bldg.24,1917C,Unit 1917C,28.110,1st.and 2nd.Finish Coat Frames/Doors, 28 
NL:      000.00.0  ,  For standard cost code                     ,1, =    ,24,Bldg.24,1917C,Unit 1917C,40.300,"Exterior items(Wood,Railing,under porch,Lintels etc.)", 2 
NL:      000.00.0  ,  For standard cost code                     ,1, =    ,24,Bldg.24,1917C,Unit 1917C,40.301,"Drywall work (Drywall, finish,point up)", 35 
NL:      000.00.0  ,  For standard cost code                     ,1, =    ,24,Bldg.24,1917C,Unit 1917C,50.801,"Stair metal/Prep/Prime/Finish (stairs,walls,ceiling,handrails)", 40 
NL:      000.00.0  ,  For standard cost code                     ,1, =    ,25,Bldg.25,1830D,Unit 1830D,20.110,DW Ceiling/Walls Prime Coat, 17 
NL:      000.00.0  ,  For standard cost code                     ,1, =    ,25,Bldg.25,1830D,Unit 1830D,21.120,DW Walls/Columns 1st. Finish Coat, 15 
NL:      000.00.0  ,  For standard cost code                     ,1, =    ,25,Bldg.25,1830D,Unit 1830D,21.130,DW Walls/Columns 2nd.Finish Coat, 22 
NL:      000.00.0  ,  For standard cost code                     ,1, =    ,25,Bldg.25,1830D,Unit 1830D,22.120,DW Ceilings 1st.and 2nd.Finish Coat, 6 
NL:      000.00.0  ,  For standard cost code                     ,1, =    ,25,Bldg.25,1830D,Unit 1830D,28.100,Prep. Frames/Doors, 13 
NL:      000.00.0  ,  For standard cost code                     ,1, =    ,25,Bldg.25,1830D,Unit 1830D,28.110,1st.and 2nd.Finish Coat Frames/Doors, 31 
NL:      000.00.0  ,  For standard cost code                     ,1, =    ,25,Bldg.25,1830D,Unit 1830D,40.300,"Exterior items(Wood,Railing,under porch,Lintels etc.)", 4 
NL:      000.00.0  ,  For standard cost code                     ,1, =    ,25,Bldg.25,1830D,Unit 1830D,40.301,"Drywall work (Drywall, finish,point up)", 41 
NL:      000.00.0  ,  For standard cost code                     ,1, =    ,25,Bldg.25,1830D,Unit 1830D,50.801,"Stair metal/Prep/Prime/Finish (stairs,walls,ceiling,handrails)", 40 
NL:      000.00.0  ,  For standard cost code                     ,1, =    ,25,Bldg.25,1857D,Unit 1857D,20.110,DW Ceiling/Walls Prime Coat, 17 
NL:      000.00.0  ,  For standard cost code                     ,1, =    ,25,Bldg.25,1857D,Unit 1857D,21.120,DW Walls/Columns 1st. Finish Coat, 15 
NL:      000.00.0  ,  For standard cost code                     ,1, =    ,25,Bldg.25,1857D,Unit 1857D,21.130,DW Walls/Columns 2nd.Finish Coat, 22 
NL:      000.00.0  ,  For standard cost code                     ,1, =    ,25,Bldg.25,1857D,Unit 1857D,22.120,DW Ceilings 1st.and 2nd.Finish Coat, 6 
NL:      000.00.0  ,  For standard cost code                     ,1, =    ,25,Bldg.25,1857D,Unit 1857D,28.100,Prep. Frames/Doors, 13 
NL:      000.00.0  ,  For standard cost code                     ,1, =    ,25,Bldg.25,1857D,Unit 1857D,28.110,1st.and 2nd.Finish Coat Frames/Doors, 31 
NL:      000.00.0  ,  For standard cost code                     ,1, =    ,25,Bldg.25,1857D,Unit 1857D,40.300,"Exterior items(Wood,Railing,under porch,Lintels etc.)", 4 
NL:      000.00.0  ,  For standard cost code                     ,1, =    ,25,Bldg.25,1857D,Unit 1857D,40.301,"Drywall work (Drywall, finish,point up)", 41 
NL:      000.00.0  ,  For standard cost code                     ,1, =    ,25,Bldg.25,1857D,Unit 1857D,50.801,"Stair metal/Prep/Prime/Finish (stairs,walls,ceiling,handrails)", 40 
NL:      000.00.0  ,  For standard cost code                     ,1, =    ,25,Bldg.25,1859D,Unit 1859D,20.110,DW Ceiling/Walls Prime Coat, 17 
NL:      000.00.0  ,  For standard cost code                     ,1, =    ,25,Bldg.25,1859D,Unit 1859D,21.120,DW Walls/Columns 1st. Finish Coat, 15 
NL:      000.00.0  ,  For standard cost code                     ,1, =    ,25,Bldg.25,1859D,Unit 1859D,21.130,DW Walls/Columns 2nd.Finish Coat, 22 
NL:      000.00.0  ,  For standard cost code                     ,1, =    ,25,Bldg.25,1859D,Unit 1859D,22.120,DW Ceilings 1st.and 2nd.Finish Coat, 6 
NL:      000.00.0  ,  For standard cost code                     ,1, =    ,25,Bldg.25,1859D,Unit 1859D,28.100,Prep. Frames/Doors, 13 
NL:      000.00.0  ,  For standard cost code                     ,1, =    ,25,Bldg.25,1859D,Unit 1859D,28.110,1st.and 2nd.Finish Coat Frames/Doors, 31 
NL:      000.00.0  ,  For standard cost code                     ,1, =    ,25,Bldg.25,1859D,Unit 1859D,40.300,"Exterior items(Wood,Railing,under porch,Lintels etc.)", 4 
NL:      000.00.0  ,  For standard cost code                     ,1, =    ,25,Bldg.25,1859D,Unit 1859D,40.301,"Drywall work (Drywall, finish,point up)", 41 
NL:      000.00.0  ,  For standard cost code                     ,1, =    ,25,Bldg.25,1859D,Unit 1859D,50.801,"Stair metal/Prep/Prime/Finish (stairs,walls,ceiling,handrails)", 40 
NL:      000.00.0  ,  For standard cost code                     ,1, =    ,25,Bldg.25,1861D,Unit 1861D,20.110,DW Ceiling/Walls Prime Coat, 17 
NL:      000.00.0  ,  For standard cost code                     ,1, =    ,25,Bldg.25,1861D,Unit 1861D,21.120,DW Walls/Columns 1st. Finish Coat, 15 
NL:      000.00.0  ,  For standard cost code                     ,1, =    ,25,Bldg.25,1861D,Unit 1861D,21.130,DW Walls/Columns 2nd.Finish Coat, 22 
NL:      000.00.0  ,  For standard cost code                     ,1, =    ,25,Bldg.25,1861D,Unit 1861D,22.120,DW Ceilings 1st.and 2nd.Finish Coat, 6 
NL:      000.00.0  ,  For standard cost code                     ,1, =    ,25,Bldg.25,1861D,Unit 1861D,28.100,Prep. Frames/Doors, 13 
NL:      000.00.0  ,  For standard cost code                     ,1, =    ,25,Bldg.25,1861D,Unit 1861D,28.110,1st.and 2nd.Finish Coat Frames/Doors, 31 
NL:      000.00.0  ,  For standard cost code                     ,1, =    ,25,Bldg.25,1861D,Unit 1861D,40.300,"Exterior items(Wood,Railing,under porch,Lintels etc.)", 4 
NL:      000.00.0  ,  For standard cost code                     ,1, =    ,25,Bldg.25,1861D,Unit 1861D,40.301,"Drywall work (Drywall, finish,point up)", 41 
NL:      000.00.0  ,  For standard cost code                     ,1, =    ,25,Bldg.25,1861D,Unit 1861D,50.801,"Stair metal/Prep/Prime/Finish (stairs,walls,ceiling,handrails)", 40 
NL:      000.00.0  ,  For standard cost code                     ,1, =    ,26,Bldg.26,1848D,Unit 1848D,20.110,DW Ceiling/Walls Prime Coat, 17 
NL:      000.00.0  ,  For standard cost code                     ,1, =    ,26,Bldg.26,1848D,Unit 1848D,21.120,DW Walls/Columns 1st. Finish Coat, 15 
NL:      000.00.0  ,  For standard cost code                     ,1, =    ,26,Bldg.26,1848D,Unit 1848D,21.130,DW Walls/Columns 2nd.Finish Coat, 22 
NL:      000.00.0  ,  For standard cost code                     ,1, =    ,26,Bldg.26,1848D,Unit 1848D,22.120,DW Ceilings 1st.and 2nd.Finish Coat, 6 
NL:      000.00.0  ,  For standard cost code                     ,1, =    ,26,Bldg.26,1848D,Unit 1848D,28.100,Prep. Frames/Doors, 13 
NL:      000.00.0  ,  For standard cost code                     ,1, =    ,26,Bldg.26,1848D,Unit 1848D,28.110,1st.and 2nd.Finish Coat Frames/Doors, 31 
NL:      000.00.0  ,  For standard cost code                     ,1, =    ,26,Bldg.26,1848D,Unit 1848D,40.300,"Exterior items(Wood,Railing,under porch,Lintels etc.)", 4 
NL:      000.00.0  ,  For standard cost code                     ,1, =    ,26,Bldg.26,1848D,Unit 1848D,40.301,"Drywall work (Drywall, finish,point up)", 41 
NL:      000.00.0  ,  For standard cost code                     ,1, =    ,26,Bldg.26,1848D,Unit 1848D,50.801,"Stair metal/Prep/Prime/Finish (stairs,walls,ceiling,handrails)", 40 
NL:      000.00.0  ,  For standard cost code                     ,1, =    ,26,Bldg.26,1850D,Unit 1850D,20.110,DW Ceiling/Walls Prime Coat, 17 
NL:      000.00.0  ,  For standard cost code                     ,1, =    ,26,Bldg.26,1850D,Unit 1850D,21.120,DW Walls/Columns 1st. Finish Coat, 15 
NL:      000.00.0  ,  For standard cost code                     ,1, =    ,26,Bldg.26,1850D,Unit 1850D,21.130,DW Walls/Columns 2nd.Finish Coat, 22 
NL:      000.00.0  ,  For standard cost code                     ,1, =    ,26,Bldg.26,1850D,Unit 1850D,22.120,DW Ceilings 1st.and 2nd.Finish Coat, 6 
NL:      000.00.0  ,  For standard cost code                     ,1, =    ,26,Bldg.26,1850D,Unit 1850D,28.100,Prep. Frames/Doors, 13 
NL:      000.00.0  ,  For standard cost code                     ,1, =    ,26,Bldg.26,1850D,Unit 1850D,28.110,1st.and 2nd.Finish Coat Frames/Doors, 31 
NL:      000.00.0  ,  For standard cost code                     ,1, =    ,26,Bldg.26,1850D,Unit 1850D,40.300,"Exterior items(Wood,Railing,under porch,Lintels etc.)", 4 
NL:      000.00.0  ,  For standard cost code                     ,1, =    ,26,Bldg.26,1850D,Unit 1850D,40.301,"Drywall work (Drywall, finish,point up)", 41 
NL:      000.00.0  ,  For standard cost code                     ,1, =    ,26,Bldg.26,1850D,Unit 1850D,50.801,"Stair metal/Prep/Prime/Finish (stairs,walls,ceiling,handrails)", 40 
NL:      000.00.0  ,  For standard cost code                     ,1, =    ,27,Bldg.27,1840D,Unit 1840D,20.110,DW Ceiling/Walls Prime Coat, 17 
NL:      000.00.0  ,  For standard cost code                     ,1, =    ,27,Bldg.27,1840D,Unit 1840D,21.120,DW Walls/Columns 1st. Finish Coat, 15 
NL:      000.00.0  ,  For standard cost code                     ,1, =    ,27,Bldg.27,1840D,Unit 1840D,21.130,DW Walls/Columns 2nd.Finish Coat, 22 
NL:      000.00.0  ,  For standard cost code                     ,1, =    ,27,Bldg.27,1840D,Unit 1840D,22.120,DW Ceilings 1st.and 2nd.Finish Coat, 6 
NL:      000.00.0  ,  For standard cost code                     ,1, =    ,27,Bldg.27,1840D,Unit 1840D,28.100,Prep. Frames/Doors, 13 
NL:      000.00.0  ,  For standard cost code                     ,1, =    ,27,Bldg.27,1840D,Unit 1840D,28.110,1st.and 2nd.Finish Coat Frames/Doors, 31 
NL:      000.00.0  ,  For standard cost code                     ,1, =    ,27,Bldg.27,1840D,Unit 1840D,40.300,"Exterior items(Wood,Railing,under porch,Lintels etc.)", 4 
NL:      000.00.0  ,  For standard cost code                     ,1, =    ,27,Bldg.27,1840D,Unit 1840D,40.301,"Drywall work (Drywall, finish,point up)", 41 
NL:      000.00.0  ,  For standard cost code                     ,1, =    ,27,Bldg.27,1840D,Unit 1840D,50.801,"Stair metal/Prep/Prime/Finish (stairs,walls,ceiling,handrails)", 40 
NL:      000.00.0  ,  For standard cost code                     ,1, =    ,27,Bldg.27,1842D,Unit 1842D,20.110,DW Ceiling/Walls Prime Coat, 17 
NL:      000.00.0  ,  For standard cost code                     ,1, =    ,27,Bldg.27,1842D,Unit 1842D,21.120,DW Walls/Columns 1st. Finish Coat, 15 
NL:      000.00.0  ,  For standard cost code                     ,1, =    ,27,Bldg.27,1842D,Unit 1842D,21.130,DW Walls/Columns 2nd.Finish Coat, 22 
NL:      000.00.0  ,  For standard cost code                     ,1, =    ,27,Bldg.27,1842D,Unit 1842D,22.120,DW Ceilings 1st.and 2nd.Finish Coat, 6 
NL:      000.00.0  ,  For standard cost code                     ,1, =    ,27,Bldg.27,1842D,Unit 1842D,28.100,Prep. Frames/Doors, 13 
NL:      000.00.0  ,  For standard cost code                     ,1, =    ,27,Bldg.27,1842D,Unit 1842D,28.110,1st.and 2nd.Finish Coat Frames/Doors, 31 
NL:      000.00.0  ,  For standard cost code                     ,1, =    ,27,Bldg.27,1842D,Unit 1842D,40.300,"Exterior items(Wood,Railing,under porch,Lintels etc.)", 4 
NL:      000.00.0  ,  For standard cost code                     ,1, =    ,27,Bldg.27,1842D,Unit 1842D,40.301,"Drywall work (Drywall, finish,point up)", 41 
NL:      000.00.0  ,  For standard cost code                     ,1, =    ,27,Bldg.27,1842D,Unit 1842D,50.801,"Stair metal/Prep/Prime/Finish (stairs,walls,ceiling,handrails)", 40 
NL:      000.00.0  ,  For standard cost code                     ,1, =    ,27,Bldg.27,1844D,Unit 1844D,20.110,DW Ceiling/Walls Prime Coat, 17 
NL:      000.00.0  ,  For standard cost code                     ,1, =    ,27,Bldg.27,1844D,Unit 1844D,21.120,DW Walls/Columns 1st. Finish Coat, 15 
NL:      000.00.0  ,  For standard cost code                     ,1, =    ,27,Bldg.27,1844D,Unit 1844D,21.130,DW Walls/Columns 2nd.Finish Coat, 22 
NL:      000.00.0  ,  For standard cost code                     ,1, =    ,27,Bldg.27,1844D,Unit 1844D,22.120,DW Ceilings 1st.and 2nd.Finish Coat, 6 
NL:      000.00.0  ,  For standard cost code                     ,1, =    ,27,Bldg.27,1844D,Unit 1844D,28.100,Prep. Frames/Doors, 13 
NL:      000.00.0  ,  For standard cost code                     ,1, =    ,27,Bldg.27,1844D,Unit 1844D,28.110,1st.and 2nd.Finish Coat Frames/Doors, 31 
NL:      000.00.0  ,  For standard cost code                     ,1, =    ,27,Bldg.27,1844D,Unit 1844D,40.300,"Exterior items(Wood,Railing,under porch,Lintels etc.)", 4 
NL:      000.00.0  ,  For standard cost code                     ,1, =    ,27,Bldg.27,1844D,Unit 1844D,40.301,"Drywall work (Drywall, finish,point up)", 41 
NL:      000.00.0  ,  For standard cost code                     ,1, =    ,27,Bldg.27,1844D,Unit 1844D,50.801,"Stair metal/Prep/Prime/Finish (stairs,walls,ceiling,handrails)", 40 
NL:      000.00.0  ,  For standard cost code                     ,1, =    ,27,Bldg.27,1846D,Unit 1846D,20.110,DW Ceiling/Walls Prime Coat, 17 
NL:      000.00.0  ,  For standard cost code                     ,1, =    ,27,Bldg.27,1846D,Unit 1846D,21.120,DW Walls/Columns 1st. Finish Coat, 15 
NL:      000.00.0  ,  For standard cost code                     ,1, =    ,27,Bldg.27,1846D,Unit 1846D,21.130,DW Walls/Columns 2nd.Finish Coat, 22 
NL:      000.00.0  ,  For standard cost code                     ,1, =    ,27,Bldg.27,1846D,Unit 1846D,22.120,DW Ceilings 1st.and 2nd.Finish Coat, 6 
NL:      000.00.0  ,  For standard cost code                     ,1, =    ,27,Bldg.27,1846D,Unit 1846D,28.100,Prep. Frames/Doors, 13 
NL:      000.00.0  ,  For standard cost code                     ,1, =    ,27,Bldg.27,1846D,Unit 1846D,28.110,1st.and 2nd.Finish Coat Frames/Doors, 31 
NL:      000.00.0  ,  For standard cost code                     ,1, =    ,27,Bldg.27,1846D,Unit 1846D,40.300,"Exterior items(Wood,Railing,under porch,Lintels etc.)", 4 
NL:      000.00.0  ,  For standard cost code                     ,1, =    ,27,Bldg.27,1846D,Unit 1846D,40.301,"Drywall work (Drywall, finish,point up)", 41 
NL:      000.00.0  ,  For standard cost code                     ,1, =    ,27,Bldg.27,1846D,Unit 1846D,50.801,"Stair metal/Prep/Prime/Finish (stairs,walls,ceiling,handrails)", 40 
NL:      000.00.0  ,  For standard cost code                     ,1, =    ,28,Bldg.28,1914D,Unit 1914D,20.110,DW Ceiling/Walls Prime Coat, 17 
NL:      000.00.0  ,  For standard cost code                     ,1, =    ,28,Bldg.28,1914D,Unit 1914D,21.120,DW Walls/Columns 1st. Finish Coat, 15 
NL:      000.00.0  ,  For standard cost code                     ,1, =    ,28,Bldg.28,1914D,Unit 1914D,21.130,DW Walls/Columns 2nd.Finish Coat, 22 
NL:      000.00.0  ,  For standard cost code                     ,1, =    ,28,Bldg.28,1914D,Unit 1914D,22.120,DW Ceilings 1st.and 2nd.Finish Coat, 6 
NL:      000.00.0  ,  For standard cost code                     ,1, =    ,28,Bldg.28,1914D,Unit 1914D,28.100,Prep. Frames/Doors, 13 
NL:      000.00.0  ,  For standard cost code                     ,1, =    ,28,Bldg.28,1914D,Unit 1914D,28.110,1st.and 2nd.Finish Coat Frames/Doors, 31 
NL:      000.00.0  ,  For standard cost code                     ,1, =    ,28,Bldg.28,1914D,Unit 1914D,40.300,"Exterior items(Wood,Railing,under porch,Lintels etc.)", 4 
NL:      000.00.0  ,  For standard cost code                     ,1, =    ,28,Bldg.28,1914D,Unit 1914D,40.301,"Drywall work (Drywall, finish,point up)", 41 
NL:      000.00.0  ,  For standard cost code                     ,1, =    ,28,Bldg.28,1914D,Unit 1914D,50.801,"Stair metal/Prep/Prime/Finish (stairs,walls,ceiling,handrails)", 40 
NL:      000.00.0  ,  For standard cost code                     ,1, =    ,28,Bldg.28,1916D,Unit 1916D,20.110,DW Ceiling/Walls Prime Coat, 17 
NL:      000.00.0  ,  For standard cost code                     ,1, =    ,28,Bldg.28,1916D,Unit 1916D,21.120,DW Walls/Columns 1st. Finish Coat, 15 
NL:      000.00.0  ,  For standard cost code                     ,1, =    ,28,Bldg.28,1916D,Unit 1916D,21.130,DW Walls/Columns 2nd.Finish Coat, 22 
NL:      000.00.0  ,  For standard cost code                     ,1, =    ,28,Bldg.28,1916D,Unit 1916D,22.120,DW Ceilings 1st.and 2nd.Finish Coat, 6 
NL:      000.00.0  ,  For standard cost code                     ,1, =    ,28,Bldg.28,1916D,Unit 1916D,28.100,Prep. Frames/Doors, 13 
NL:      000.00.0  ,  For standard cost code                     ,1, =    ,28,Bldg.28,1916D,Unit 1916D,28.110,1st.and 2nd.Finish Coat Frames/Doors, 31 
NL:      000.00.0  ,  For standard cost code                     ,1, =    ,28,Bldg.28,1916D,Unit 1916D,40.300,"Exterior items(Wood,Railing,under porch,Lintels etc.)", 4 
NL:      000.00.0  ,  For standard cost code                     ,1, =    ,28,Bldg.28,1916D,Unit 1916D,40.301,"Drywall work (Drywall, finish,point up)", 41 
NL:      000.00.0  ,  For standard cost code                     ,1, =    ,28,Bldg.28,1916D,Unit 1916D,50.801,"Stair metal/Prep/Prime/Finish (stairs,walls,ceiling,handrails)", 40 
NL:      000.00.0  ,  For standard cost code                     ,1, =    ,29,Bldg.29,1910C,Unit 1910C,20.110,DW Ceiling/Walls Prime Coat, 13 
NL:      000.00.0  ,  For standard cost code                     ,1, =    ,29,Bldg.29,1910C,Unit 1910C,21.120,DW Walls/Columns 1st. Finish Coat, 11 
NL:      000.00.0  ,  For standard cost code                     ,1, =    ,29,Bldg.29,1910C,Unit 1910C,21.130,DW Walls/Columns 2nd.Finish Coat, 16 
NL:      000.00.0  ,  For standard cost code                     ,1, =    ,29,Bldg.29,1910C,Unit 1910C,22.120,DW Ceilings 1st.and 2nd.Finish Coat, 4 
NL:      000.00.0  ,  For standard cost code                     ,1, =    ,29,Bldg.29,1910C,Unit 1910C,28.100,Prep. Frames/Doors, 12 
NL:      000.00.0  ,  For standard cost code                     ,1, =    ,29,Bldg.29,1910C,Unit 1910C,28.110,1st.and 2nd.Finish Coat Frames/Doors, 28 
NL:      000.00.0  ,  For standard cost code                     ,1, =    ,29,Bldg.29,1910C,Unit 1910C,40.300,"Exterior items(Wood,Railing,under porch,Lintels etc.)", 2 
NL:      000.00.0  ,  For standard cost code                     ,1, =    ,29,Bldg.29,1910C,Unit 1910C,40.301,"Drywall work (Drywall, finish,point up)", 35 
NL:      000.00.0  ,  For standard cost code                     ,1, =    ,29,Bldg.29,1910C,Unit 1910C,50.801,"Stair metal/Prep/Prime/Finish (stairs,walls,ceiling,handrails)", 40 
NL:      000.00.0  ,  For standard cost code                     ,1, =    ,29,Bldg.29,1912C,Unit 1912C,20.110,DW Ceiling/Walls Prime Coat, 13 
NL:      000.00.0  ,  For standard cost code                     ,1, =    ,29,Bldg.29,1912C,Unit 1912C,21.120,DW Walls/Columns 1st. Finish Coat, 11 
NL:      000.00.0  ,  For standard cost code                     ,1, =    ,29,Bldg.29,1912C,Unit 1912C,21.130,DW Walls/Columns 2nd.Finish Coat, 16 
NL:      000.00.0  ,  For standard cost code                     ,1, =    ,29,Bldg.29,1912C,Unit 1912C,22.120,DW Ceilings 1st.and 2nd.Finish Coat, 4 
NL:      000.00.0  ,  For standard cost code                     ,1, =    ,29,Bldg.29,1912C,Unit 1912C,28.100,Prep. Frames/Doors, 12 
NL:      000.00.0  ,  For standard cost code                     ,1, =    ,29,Bldg.29,1912C,Unit 1912C,28.110,1st.and 2nd.Finish Coat Frames/Doors, 28 
NL:      000.00.0  ,  For standard cost code                     ,1, =    ,29,Bldg.29,1912C,Unit 1912C,40.300,"Exterior items(Wood,Railing,under porch,Lintels etc.)", 2 
NL:      000.00.0  ,  For standard cost code                     ,1, =    ,29,Bldg.29,1912C,Unit 1912C,40.301,"Drywall work (Drywall, finish,point up)", 35 
NL:      000.00.0  ,  For standard cost code                     ,1, =    ,29,Bldg.29,1912C,Unit 1912C,50.801,"Stair metal/Prep/Prime/Finish (stairs,walls,ceiling,handrails)", 40 
NL:      000.00.0  ,  For standard cost code                     ,1, =    ,30,Bldg.30,1906D,Unit 1906D,20.110,DW Ceiling/Walls Prime Coat, 17 
NL:      000.00.0  ,  For standard cost code                     ,1, =    ,30,Bldg.30,1906D,Unit 1906D,21.120,DW Walls/Columns 1st. Finish Coat, 15 
NL:      000.00.0  ,  For standard cost code                     ,1, =    ,30,Bldg.30,1906D,Unit 1906D,21.130,DW Walls/Columns 2nd.Finish Coat, 22 
NL:      000.00.0  ,  For standard cost code                     ,1, =    ,30,Bldg.30,1906D,Unit 1906D,22.120,DW Ceilings 1st.and 2nd.Finish Coat, 6 
NL:      000.00.0  ,  For standard cost code                     ,1, =    ,30,Bldg.30,1906D,Unit 1906D,28.100,Prep. Frames/Doors, 13 
NL:      000.00.0  ,  For standard cost code                     ,1, =    ,30,Bldg.30,1906D,Unit 1906D,28.110,1st.and 2nd.Finish Coat Frames/Doors, 31 
NL:      000.00.0  ,  For standard cost code                     ,1, =    ,30,Bldg.30,1906D,Unit 1906D,40.300,"Exterior items(Wood,Railing,under porch,Lintels etc.)", 4 
NL:      000.00.0  ,  For standard cost code                     ,1, =    ,30,Bldg.30,1906D,Unit 1906D,40.301,"Drywall work (Drywall, finish,point up)", 41 
NL:      000.00.0  ,  For standard cost code                     ,1, =    ,30,Bldg.30,1906D,Unit 1906D,50.801,"Stair metal/Prep/Prime/Finish (stairs,walls,ceiling,handrails)", 40 
NL:      000.00.0  ,  For standard cost code                     ,1, =    ,30,Bldg.30,1908D,Unit 1908D,20.110,DW Ceiling/Walls Prime Coat, 17 
NL:      000.00.0  ,  For standard cost code                     ,1, =    ,30,Bldg.30,1908D,Unit 1908D,21.120,DW Walls/Columns 1st. Finish Coat, 15 
NL:      000.00.0  ,  For standard cost code                     ,1, =    ,30,Bldg.30,1908D,Unit 1908D,21.130,DW Walls/Columns 2nd.Finish Coat, 22 
NL:      000.00.0  ,  For standard cost code                     ,1, =    ,30,Bldg.30,1908D,Unit 1908D,22.120,DW Ceilings 1st.and 2nd.Finish Coat, 6 
NL:      000.00.0  ,  For standard cost code                     ,1, =    ,30,Bldg.30,1908D,Unit 1908D,28.100,Prep. Frames/Doors, 13 
NL:      000.00.0  ,  For standard cost code                     ,1, =    ,30,Bldg.30,1908D,Unit 1908D,28.110,1st.and 2nd.Finish Coat Frames/Doors, 31 
NL:      000.00.0  ,  For standard cost code                     ,1, =    ,30,Bldg.30,1908D,Unit 1908D,40.300,"Exterior items(Wood,Railing,under porch,Lintels etc.)", 4 
NL:      000.00.0  ,  For standard cost code                     ,1, =    ,30,Bldg.30,1908D,Unit 1908D,40.301,"Drywall work (Drywall, finish,point up)", 41 
NL:      000.00.0  ,  For standard cost code                     ,1, =    ,30,Bldg.30,1908D,Unit 1908D,50.801,"Stair metal/Prep/Prime/Finish (stairs,walls,ceiling,handrails)", 40 
NL:      000.00.0  ,  For standard cost code                     ,1, =    ,31,Bldg.31,1845D,Unit 1845D,20.110,DW Ceiling/Walls Prime Coat, 17 
NL:      000.00.0  ,  For standard cost code                     ,1, =    ,31,Bldg.31,1845D,Unit 1845D,21.120,DW Walls/Columns 1st. Finish Coat, 15 
NL:      000.00.0  ,  For standard cost code                     ,1, =    ,31,Bldg.31,1845D,Unit 1845D,21.130,DW Walls/Columns 2nd.Finish Coat, 22 
NL:      000.00.0  ,  For standard cost code                     ,1, =    ,31,Bldg.31,1845D,Unit 1845D,22.120,DW Ceilings 1st.and 2nd.Finish Coat, 6 
NL:      000.00.0  ,  For standard cost code                     ,1, =    ,31,Bldg.31,1845D,Unit 1845D,28.100,Prep. Frames/Doors, 13 
NL:      000.00.0  ,  For standard cost code                     ,1, =    ,31,Bldg.31,1845D,Unit 1845D,28.110,1st.and 2nd.Finish Coat Frames/Doors, 31 
NL:      000.00.0  ,  For standard cost code                     ,1, =    ,31,Bldg.31,1845D,Unit 1845D,40.300,"Exterior items(Wood,Railing,under porch,Lintels etc.)", 4 
NL:      000.00.0  ,  For standard cost code                     ,1, =    ,31,Bldg.31,1845D,Unit 1845D,40.301,"Drywall work (Drywall, finish,point up)", 41 
NL:      000.00.0  ,  For standard cost code                     ,1, =    ,31,Bldg.31,1845D,Unit 1845D,50.801,"Stair metal/Prep/Prime/Finish (stairs,walls,ceiling,handrails)", 40 
NL:      000.00.0  ,  For standard cost code                     ,1, =    ,31,Bldg.31,1847D,Unit 1847D,20.110,DW Ceiling/Walls Prime Coat, 17 
NL:      000.00.0  ,  For standard cost code                     ,1, =    ,31,Bldg.31,1847D,Unit 1847D,21.120,DW Walls/Columns 1st. Finish Coat, 15 
NL:      000.00.0  ,  For standard cost code                     ,1, =    ,31,Bldg.31,1847D,Unit 1847D,21.130,DW Walls/Columns 2nd.Finish Coat, 22 
NL:      000.00.0  ,  For standard cost code                     ,1, =    ,31,Bldg.31,1847D,Unit 1847D,22.120,DW Ceilings 1st.and 2nd.Finish Coat, 6 
NL:      000.00.0  ,  For standard cost code                     ,1, =    ,31,Bldg.31,1847D,Unit 1847D,28.100,Prep. Frames/Doors, 13 
NL:      000.00.0  ,  For standard cost code                     ,1, =    ,31,Bldg.31,1847D,Unit 1847D,28.110,1st.and 2nd.Finish Coat Frames/Doors, 31 
NL:      000.00.0  ,  For standard cost code                     ,1, =    ,31,Bldg.31,1847D,Unit 1847D,40.300,"Exterior items(Wood,Railing,under porch,Lintels etc.)", 4 
NL:      000.00.0  ,  For standard cost code                     ,1, =    ,31,Bldg.31,1847D,Unit 1847D,40.301,"Drywall work (Drywall, finish,point up)", 41 
NL:      000.00.0  ,  For standard cost code                     ,1, =    ,31,Bldg.31,1847D,Unit 1847D,50.801,"Stair metal/Prep/Prime/Finish (stairs,walls,ceiling,handrails)", 40 
NL:      000.00.0  ,  For standard cost code                     ,1, =    ,31,Bldg.31,1849D,Unit 1849D,20.110,DW Ceiling/Walls Prime Coat, 17 
NL:      000.00.0  ,  For standard cost code                     ,1, =    ,31,Bldg.31,1849D,Unit 1849D,21.120,DW Walls/Columns 1st. Finish Coat, 15 
NL:      000.00.0  ,  For standard cost code                     ,1, =    ,31,Bldg.31,1849D,Unit 1849D,21.130,DW Walls/Columns 2nd.Finish Coat, 22 
NL:      000.00.0  ,  For standard cost code                     ,1, =    ,31,Bldg.31,1849D,Unit 1849D,22.120,DW Ceilings 1st.and 2nd.Finish Coat, 6 
NL:      000.00.0  ,  For standard cost code                     ,1, =    ,31,Bldg.31,1849D,Unit 1849D,28.100,Prep. Frames/Doors, 13 
NL:      000.00.0  ,  For standard cost code                     ,1, =    ,31,Bldg.31,1849D,Unit 1849D,28.110,1st.and 2nd.Finish Coat Frames/Doors, 31 
NL:      000.00.0  ,  For standard cost code                     ,1, =    ,31,Bldg.31,1849D,Unit 1849D,40.300,"Exterior items(Wood,Railing,under porch,Lintels etc.)", 4 
NL:      000.00.0  ,  For standard cost code                     ,1, =    ,31,Bldg.31,1849D,Unit 1849D,40.301,"Drywall work (Drywall, finish,point up)", 41 
NL:      000.00.0  ,  For standard cost code                     ,1, =    ,31,Bldg.31,1849D,Unit 1849D,50.801,"Stair metal/Prep/Prime/Finish (stairs,walls,ceiling,handrails)", 40 
NL:      000.00.0  ,  For standard cost code                     ,1, =    ,32,Bldg.32,1852A B ,Unit 1852A B ,20.110,DW Ceiling/Walls Prime Coat, 8 
NL:      000.00.0  ,  For standard cost code                     ,1, =    ,32,Bldg.32,1852A B ,Unit 1852A B ,21.120,DW Walls/Columns 1st. Finish Coat, 7 
NL:      000.00.0  ,  For standard cost code                     ,1, =    ,32,Bldg.32,1852A B ,Unit 1852A B ,21.130,DW Walls/Columns 2nd.Finish Coat, 10 
NL:      000.00.0  ,  For standard cost code                     ,1, =    ,32,Bldg.32,1852A B ,Unit 1852A B ,22.120,DW Ceilings 1st.and 2nd.Finish Coat, 2 
NL:      000.00.0  ,  For standard cost code                     ,1, =    ,32,Bldg.32,1852A B ,Unit 1852A B ,28.100,Prep. Frames/Doors, 6 
NL:      000.00.0  ,  For standard cost code                     ,1, =    ,32,Bldg.32,1852A B ,Unit 1852A B ,28.110,1st.and 2nd.Finish Coat Frames/Doors, 11 
NL:      000.00.0  ,  For standard cost code                     ,1, =    ,32,Bldg.32,1852A B ,Unit 1852A B ,40.300,"Exterior items(Wood,Railing,under porch,Lintels etc.)", 2 
NL:      000.00.0  ,  For standard cost code                     ,1, =    ,32,Bldg.32,1852A B ,Unit 1852A B ,40.301,"Drywall work (Drywall, finish,point up)", 14 
NL:      000.00.0  ,  For standard cost code                     ,1, =    ,32,Bldg.32,1852A B ,Unit 1852A B ,50.801,"Stair metal/Prep/Prime/Finish (stairs,walls,ceiling,handrails)", 10 
NL:      000.00.0  ,  For standard cost code                     ,1, =    ,32,Bldg.32,1852B B ,Unit 1852B B ,20.110,DW Ceiling/Walls Prime Coat, 8 
NL:      000.00.0  ,  For standard cost code                     ,1, =    ,32,Bldg.32,1852B B ,Unit 1852B B ,21.120,DW Walls/Columns 1st. Finish Coat, 7 
NL:      000.00.0  ,  For standard cost code                     ,1, =    ,32,Bldg.32,1852B B ,Unit 1852B B ,21.130,DW Walls/Columns 2nd.Finish Coat, 10 
NL:      000.00.0  ,  For standard cost code                     ,1, =    ,32,Bldg.32,1852B B ,Unit 1852B B ,22.120,DW Ceilings 1st.and 2nd.Finish Coat, 2 
NL:      000.00.0  ,  For standard cost code                     ,1, =    ,32,Bldg.32,1852B B ,Unit 1852B B ,28.100,Prep. Frames/Doors, 6 
NL:      000.00.0  ,  For standard cost code                     ,1, =    ,32,Bldg.32,1852B B ,Unit 1852B B ,28.110,1st.and 2nd.Finish Coat Frames/Doors, 11 
NL:      000.00.0  ,  For standard cost code                     ,1, =    ,32,Bldg.32,1852B B ,Unit 1852B B ,40.300,"Exterior items(Wood,Railing,under porch,Lintels etc.)", 2 
NL:      000.00.0  ,  For standard cost code                     ,1, =    ,32,Bldg.32,1852B B ,Unit 1852B B ,40.301,"Drywall work (Drywall, finish,point up)", 14 
NL:      000.00.0  ,  For standard cost code                     ,1, =    ,32,Bldg.32,1852B B ,Unit 1852B B ,50.801,"Stair metal/Prep/Prime/Finish (stairs,walls,ceiling,handrails)", 10 
NL:      000.00.0  ,  For standard cost code                     ,1, =    ,33,Bldg.33,1750C,Unit 1750C,20.110,DW Ceiling/Walls Prime Coat, 13 
NL:      000.00.0  ,  For standard cost code                     ,1, =    ,33,Bldg.33,1750C,Unit 1750C,21.120,DW Walls/Columns 1st. Finish Coat, 11 
NL:      000.00.0  ,  For standard cost code                     ,1, =    ,33,Bldg.33,1750C,Unit 1750C,21.130,DW Walls/Columns 2nd.Finish Coat, 16 
NL:      000.00.0  ,  For standard cost code                     ,1, =    ,33,Bldg.33,1750C,Unit 1750C,22.120,DW Ceilings 1st.and 2nd.Finish Coat, 4 
NL:      000.00.0  ,  For standard cost code                     ,1, =    ,33,Bldg.33,1750C,Unit 1750C,28.100,Prep. Frames/Doors, 12 
NL:      000.00.0  ,  For standard cost code                     ,1, =    ,33,Bldg.33,1750C,Unit 1750C,28.110,1st.and 2nd.Finish Coat Frames/Doors, 28 
NL:      000.00.0  ,  For standard cost code                     ,1, =    ,33,Bldg.33,1750C,Unit 1750C,40.300,"Exterior items(Wood,Railing,under porch,Lintels etc.)", 2 
NL:      000.00.0  ,  For standard cost code                     ,1, =    ,33,Bldg.33,1750C,Unit 1750C,40.301,"Drywall work (Drywall, finish,point up)", 35 
NL:      000.00.0  ,  For standard cost code                     ,1, =    ,33,Bldg.33,1750C,Unit 1750C,50.801,"Stair metal/Prep/Prime/Finish (stairs,walls,ceiling,handrails)", 40 
NL:      000.00.0  ,  For standard cost code                     ,1, =    ,33,Bldg.33,1752C,Unit 1752C,20.110,DW Ceiling/Walls Prime Coat, 13 
NL:      000.00.0  ,  For standard cost code                     ,1, =    ,33,Bldg.33,1752C,Unit 1752C,21.120,DW Walls/Columns 1st. Finish Coat, 11 
NL:      000.00.0  ,  For standard cost code                     ,1, =    ,33,Bldg.33,1752C,Unit 1752C,21.130,DW Walls/Columns 2nd.Finish Coat, 16 
NL:      000.00.0  ,  For standard cost code                     ,1, =    ,33,Bldg.33,1752C,Unit 1752C,22.120,DW Ceilings 1st.and 2nd.Finish Coat, 4 
NL:      000.00.0  ,  For standard cost code                     ,1, =    ,33,Bldg.33,1752C,Unit 1752C,28.100,Prep. Frames/Doors, 12 
NL:      000.00.0  ,  For standard cost code                     ,1, =    ,33,Bldg.33,1752C,Unit 1752C,28.110,1st.and 2nd.Finish Coat Frames/Doors, 28 
NL:      000.00.0  ,  For standard cost code                     ,1, =    ,33,Bldg.33,1752C,Unit 1752C,40.300,"Exterior items(Wood,Railing,under porch,Lintels etc.)", 2 
NL:      000.00.0  ,  For standard cost code                     ,1, =    ,33,Bldg.33,1752C,Unit 1752C,40.301,"Drywall work (Drywall, finish,point up)", 35 
NL:      000.00.0  ,  For standard cost code                     ,1, =    ,33,Bldg.33,1752C,Unit 1752C,50.801,"Stair metal/Prep/Prime/Finish (stairs,walls,ceiling,handrails)", 40 
NL:      000.00.0  ,  For standard cost code                     ,1, =    ,34,Bldg.34,1809D,Unit 1809D,20.110,DW Ceiling/Walls Prime Coat, 17 
NL:      000.00.0  ,  For standard cost code                     ,1, =    ,34,Bldg.34,1809D,Unit 1809D,21.120,DW Walls/Columns 1st. Finish Coat, 15 
NL:      000.00.0  ,  For standard cost code                     ,1, =    ,34,Bldg.34,1809D,Unit 1809D,21.130,DW Walls/Columns 2nd.Finish Coat, 22 
NL:      000.00.0  ,  For standard cost code                     ,1, =    ,34,Bldg.34,1809D,Unit 1809D,22.120,DW Ceilings 1st.and 2nd.Finish Coat, 6 
NL:      000.00.0  ,  For standard cost code                     ,1, =    ,34,Bldg.34,1809D,Unit 1809D,28.100,Prep. Frames/Doors, 13 
NL:      000.00.0  ,  For standard cost code                     ,1, =    ,34,Bldg.34,1809D,Unit 1809D,28.110,1st.and 2nd.Finish Coat Frames/Doors, 31 
NL:      000.00.0  ,  For standard cost code                     ,1, =    ,34,Bldg.34,1809D,Unit 1809D,40.300,"Exterior items(Wood,Railing,under porch,Lintels etc.)", 4 
NL:      000.00.0  ,  For standard cost code                     ,1, =    ,34,Bldg.34,1809D,Unit 1809D,40.301,"Drywall work (Drywall, finish,point up)", 41 
NL:      000.00.0  ,  For standard cost code                     ,1, =    ,34,Bldg.34,1809D,Unit 1809D,50.801,"Stair metal/Prep/Prime/Finish (stairs,walls,ceiling,handrails)", 40 
NL:      000.00.0  ,  For standard cost code                     ,1, =    ,34,Bldg.34,1811D,Unit 1811D,20.110,DW Ceiling/Walls Prime Coat, 17 
NL:      000.00.0  ,  For standard cost code                     ,1, =    ,34,Bldg.34,1811D,Unit 1811D,21.120,DW Walls/Columns 1st. Finish Coat, 15 
NL:      000.00.0  ,  For standard cost code                     ,1, =    ,34,Bldg.34,1811D,Unit 1811D,21.130,DW Walls/Columns 2nd.Finish Coat, 22 
NL:      000.00.0  ,  For standard cost code                     ,1, =    ,34,Bldg.34,1811D,Unit 1811D,22.120,DW Ceilings 1st.and 2nd.Finish Coat, 6 
NL:      000.00.0  ,  For standard cost code                     ,1, =    ,34,Bldg.34,1811D,Unit 1811D,28.100,Prep. Frames/Doors, 13 
NL:      000.00.0  ,  For standard cost code                     ,1, =    ,34,Bldg.34,1811D,Unit 1811D,28.110,1st.and 2nd.Finish Coat Frames/Doors, 31 
NL:      000.00.0  ,  For standard cost code                     ,1, =    ,34,Bldg.34,1811D,Unit 1811D,40.300,"Exterior items(Wood,Railing,under porch,Lintels etc.)", 4 
NL:      000.00.0  ,  For standard cost code                     ,1, =    ,34,Bldg.34,1811D,Unit 1811D,40.301,"Drywall work (Drywall, finish,point up)", 41 
NL:      000.00.0  ,  For standard cost code                     ,1, =    ,34,Bldg.34,1811D,Unit 1811D,50.801,"Stair metal/Prep/Prime/Finish (stairs,walls,ceiling,handrails)", 40 
NL:      000.00.0  ,  For standard cost code                     ,1, =    ,35,Bldg.35,1813D,Unit 1813D,20.110,DW Ceiling/Walls Prime Coat, 17 
NL:      000.00.0  ,  For standard cost code                     ,1, =    ,35,Bldg.35,1813D,Unit 1813D,21.120,DW Walls/Columns 1st. Finish Coat, 15 
NL:      000.00.0  ,  For standard cost code                     ,1, =    ,35,Bldg.35,1813D,Unit 1813D,21.130,DW Walls/Columns 2nd.Finish Coat, 22 
NL:      000.00.0  ,  For standard cost code                     ,1, =    ,35,Bldg.35,1813D,Unit 1813D,22.120,DW Ceilings 1st.and 2nd.Finish Coat, 6 
NL:      000.00.0  ,  For standard cost code                     ,1, =    ,35,Bldg.35,1813D,Unit 1813D,28.100,Prep. Frames/Doors, 13 
NL:      000.00.0  ,  For standard cost code                     ,1, =    ,35,Bldg.35,1813D,Unit 1813D,28.110,1st.and 2nd.Finish Coat Frames/Doors, 31 
NL:      000.00.0  ,  For standard cost code                     ,1, =    ,35,Bldg.35,1813D,Unit 1813D,40.300,"Exterior items(Wood,Railing,under porch,Lintels etc.)", 4 
NL:      000.00.0  ,  For standard cost code                     ,1, =    ,35,Bldg.35,1813D,Unit 1813D,40.301,"Drywall work (Drywall, finish,point up)", 41 
NL:      000.00.0  ,  For standard cost code                     ,1, =    ,35,Bldg.35,1813D,Unit 1813D,50.801,"Stair metal/Prep/Prime/Finish (stairs,walls,ceiling,handrails)", 40 
NL:      000.00.0  ,  For standard cost code                     ,1, =    ,35,Bldg.35,1815D,Unit 1815D,20.110,DW Ceiling/Walls Prime Coat, 17 
NL:      000.00.0  ,  For standard cost code                     ,1, =    ,35,Bldg.35,1815D,Unit 1815D,21.120,DW Walls/Columns 1st. Finish Coat, 15 
NL:      000.00.0  ,  For standard cost code                     ,1, =    ,35,Bldg.35,1815D,Unit 1815D,21.130,DW Walls/Columns 2nd.Finish Coat, 22 
NL:      000.00.0  ,  For standard cost code                     ,1, =    ,35,Bldg.35,1815D,Unit 1815D,22.120,DW Ceilings 1st.and 2nd.Finish Coat, 6 
NL:      000.00.0  ,  For standard cost code                     ,1, =    ,35,Bldg.35,1815D,Unit 1815D,28.100,Prep. Frames/Doors, 13 
NL:      000.00.0  ,  For standard cost code                     ,1, =    ,35,Bldg.35,1815D,Unit 1815D,28.110,1st.and 2nd.Finish Coat Frames/Doors, 31 
NL:      000.00.0  ,  For standard cost code                     ,1, =    ,35,Bldg.35,1815D,Unit 1815D,40.300,"Exterior items(Wood,Railing,under porch,Lintels etc.)", 4 
NL:      000.00.0  ,  For standard cost code                     ,1, =    ,35,Bldg.35,1815D,Unit 1815D,40.301,"Drywall work (Drywall, finish,point up)", 41 
NL:      000.00.0  ,  For standard cost code                     ,1, =    ,35,Bldg.35,1815D,Unit 1815D,50.801,"Stair metal/Prep/Prime/Finish (stairs,walls,ceiling,handrails)", 40 
NL:      000.00.0  ,  For standard cost code                     ,1, =    ,36,Bldg.36,1817C,Unit 1817C,20.110,DW Ceiling/Walls Prime Coat, 13 
NL:      000.00.0  ,  For standard cost code                     ,1, =    ,36,Bldg.36,1817C,Unit 1817C,21.120,DW Walls/Columns 1st. Finish Coat, 11 
NL:      000.00.0  ,  For standard cost code                     ,1, =    ,36,Bldg.36,1817C,Unit 1817C,21.130,DW Walls/Columns 2nd.Finish Coat, 16 
NL:      000.00.0  ,  For standard cost code                     ,1, =    ,36,Bldg.36,1817C,Unit 1817C,22.120,DW Ceilings 1st.and 2nd.Finish Coat, 4 
NL:      000.00.0  ,  For standard cost code                     ,1, =    ,36,Bldg.36,1817C,Unit 1817C,28.100,Prep. Frames/Doors, 12 
NL:      000.00.0  ,  For standard cost code                     ,1, =    ,36,Bldg.36,1817C,Unit 1817C,28.110,1st.and 2nd.Finish Coat Frames/Doors, 28 
NL:      000.00.0  ,  For standard cost code                     ,1, =    ,36,Bldg.36,1817C,Unit 1817C,40.300,"Exterior items(Wood,Railing,under porch,Lintels etc.)", 2 
NL:      000.00.0  ,  For standard cost code                     ,1, =    ,36,Bldg.36,1817C,Unit 1817C,40.301,"Drywall work (Drywall, finish,point up)", 35 
NL:      000.00.0  ,  For standard cost code                     ,1, =    ,36,Bldg.36,1817C,Unit 1817C,50.801,"Stair metal/Prep/Prime/Finish (stairs,walls,ceiling,handrails)", 40 
NL:      000.00.0  ,  For standard cost code                     ,1, =    ,36,Bldg.36,1819C,Unit 1819C,20.110,DW Ceiling/Walls Prime Coat, 13 
NL:      000.00.0  ,  For standard cost code                     ,1, =    ,36,Bldg.36,1819C,Unit 1819C,21.120,DW Walls/Columns 1st. Finish Coat, 11 
NL:      000.00.0  ,  For standard cost code                     ,1, =    ,36,Bldg.36,1819C,Unit 1819C,21.130,DW Walls/Columns 2nd.Finish Coat, 16 
NL:      000.00.0  ,  For standard cost code                     ,1, =    ,36,Bldg.36,1819C,Unit 1819C,22.120,DW Ceilings 1st.and 2nd.Finish Coat, 4 
NL:      000.00.0  ,  For standard cost code                     ,1, =    ,36,Bldg.36,1819C,Unit 1819C,28.100,Prep. Frames/Doors, 12 
NL:      000.00.0  ,  For standard cost code                     ,1, =    ,36,Bldg.36,1819C,Unit 1819C,28.110,1st.and 2nd.Finish Coat Frames/Doors, 28 
NL:      000.00.0  ,  For standard cost code                     ,1, =    ,36,Bldg.36,1819C,Unit 1819C,40.300,"Exterior items(Wood,Railing,under porch,Lintels etc.)", 2 
NL:      000.00.0  ,  For standard cost code                     ,1, =    ,36,Bldg.36,1819C,Unit 1819C,40.301,"Drywall work (Drywall, finish,point up)", 35 
NL:      000.00.0  ,  For standard cost code                     ,1, =    ,36,Bldg.36,1819C,Unit 1819C,50.801,"Stair metal/Prep/Prime/Finish (stairs,walls,ceiling,handrails)", 40 
NL:      000.00.0  ,  For standard cost code                     ,1, =    ,37,Bldg.37,1744C,Unit 1744C,20.110,DW Ceiling/Walls Prime Coat, 13 
NL:      000.00.0  ,  For standard cost code                     ,1, =    ,37,Bldg.37,1744C,Unit 1744C,21.120,DW Walls/Columns 1st. Finish Coat, 11 
NL:      000.00.0  ,  For standard cost code                     ,1, =    ,37,Bldg.37,1744C,Unit 1744C,21.130,DW Walls/Columns 2nd.Finish Coat, 16 
NL:      000.00.0  ,  For standard cost code                     ,1, =    ,37,Bldg.37,1744C,Unit 1744C,22.120,DW Ceilings 1st.and 2nd.Finish Coat, 4 
NL:      000.00.0  ,  For standard cost code                     ,1, =    ,37,Bldg.37,1744C,Unit 1744C,28.100,Prep. Frames/Doors, 12 
NL:      000.00.0  ,  For standard cost code                     ,1, =    ,37,Bldg.37,1744C,Unit 1744C,28.110,1st.and 2nd.Finish Coat Frames/Doors, 28 
NL:      000.00.0  ,  For standard cost code                     ,1, =    ,37,Bldg.37,1744C,Unit 1744C,40.300,"Exterior items(Wood,Railing,under porch,Lintels etc.)", 2 
NL:      000.00.0  ,  For standard cost code                     ,1, =    ,37,Bldg.37,1744C,Unit 1744C,40.301,"Drywall work (Drywall, finish,point up)", 35 
NL:      000.00.0  ,  For standard cost code                     ,1, =    ,37,Bldg.37,1744C,Unit 1744C,50.801,"Stair metal/Prep/Prime/Finish (stairs,walls,ceiling,handrails)", 40 
NL:      000.00.0  ,  For standard cost code                     ,1, =    ,37,Bldg.37,1746C,Unit 1746C,20.110,DW Ceiling/Walls Prime Coat, 13 
NL:      000.00.0  ,  For standard cost code                     ,1, =    ,37,Bldg.37,1746C,Unit 1746C,21.120,DW Walls/Columns 1st. Finish Coat, 11 
NL:      000.00.0  ,  For standard cost code                     ,1, =    ,37,Bldg.37,1746C,Unit 1746C,21.130,DW Walls/Columns 2nd.Finish Coat, 16 
NL:      000.00.0  ,  For standard cost code                     ,1, =    ,37,Bldg.37,1746C,Unit 1746C,22.120,DW Ceilings 1st.and 2nd.Finish Coat, 4 
NL:      000.00.0  ,  For standard cost code                     ,1, =    ,37,Bldg.37,1746C,Unit 1746C,28.100,Prep. Frames/Doors, 12 
NL:      000.00.0  ,  For standard cost code                     ,1, =    ,37,Bldg.37,1746C,Unit 1746C,28.110,1st.and 2nd.Finish Coat Frames/Doors, 28 
NL:      000.00.0  ,  For standard cost code                     ,1, =    ,37,Bldg.37,1746C,Unit 1746C,40.300,"Exterior items(Wood,Railing,under porch,Lintels etc.)", 2 
NL:      000.00.0  ,  For standard cost code                     ,1, =    ,37,Bldg.37,1746C,Unit 1746C,40.301,"Drywall work (Drywall, finish,point up)", 35 
NL:      000.00.0  ,  For standard cost code                     ,1, =    ,37,Bldg.37,1746C,Unit 1746C,50.801,"Stair metal/Prep/Prime/Finish (stairs,walls,ceiling,handrails)", 40 
NL:      000.00.0  ,  For standard cost code                     ,1, =    ,37,Bldg.37,1748D,Unit 1748D,20.110,DW Ceiling/Walls Prime Coat, 17 
NL:      000.00.0  ,  For standard cost code                     ,1, =    ,37,Bldg.37,1748D,Unit 1748D,21.120,DW Walls/Columns 1st. Finish Coat, 15 
NL:      000.00.0  ,  For standard cost code                     ,1, =    ,37,Bldg.37,1748D,Unit 1748D,21.130,DW Walls/Columns 2nd.Finish Coat, 22 
NL:      000.00.0  ,  For standard cost code                     ,1, =    ,37,Bldg.37,1748D,Unit 1748D,22.120,DW Ceilings 1st.and 2nd.Finish Coat, 6 
NL:      000.00.0  ,  For standard cost code                     ,1, =    ,37,Bldg.37,1748D,Unit 1748D,28.100,Prep. Frames/Doors, 13 
NL:      000.00.0  ,  For standard cost code                     ,1, =    ,37,Bldg.37,1748D,Unit 1748D,28.110,1st.and 2nd.Finish Coat Frames/Doors, 31 
NL:      000.00.0  ,  For standard cost code                     ,1, =    ,37,Bldg.37,1748D,Unit 1748D,40.300,"Exterior items(Wood,Railing,under porch,Lintels etc.)", 4 
NL:      000.00.0  ,  For standard cost code                     ,1, =    ,37,Bldg.37,1748D,Unit 1748D,40.301,"Drywall work (Drywall, finish,point up)", 41 
NL:      000.00.0  ,  For standard cost code                     ,1, =    ,37,Bldg.37,1748D,Unit 1748D,50.801,"Stair metal/Prep/Prime/Finish (stairs,walls,ceiling,handrails)", 40 
NL:      000.00.0  ,  For standard cost code                     ,1, =    ,37,Bldg.37,1750D,Unit 1750D,20.110,DW Ceiling/Walls Prime Coat, 17 
NL:      000.00.0  ,  For standard cost code                     ,1, =    ,37,Bldg.37,1750D,Unit 1750D,21.120,DW Walls/Columns 1st. Finish Coat, 15 
NL:      000.00.0  ,  For standard cost code                     ,1, =    ,37,Bldg.37,1750D,Unit 1750D,21.130,DW Walls/Columns 2nd.Finish Coat, 22 
NL:      000.00.0  ,  For standard cost code                     ,1, =    ,37,Bldg.37,1750D,Unit 1750D,22.120,DW Ceilings 1st.and 2nd.Finish Coat, 6 
NL:      000.00.0  ,  For standard cost code                     ,1, =    ,37,Bldg.37,1750D,Unit 1750D,28.100,Prep. Frames/Doors, 13 
NL:      000.00.0  ,  For standard cost code                     ,1, =    ,37,Bldg.37,1750D,Unit 1750D,28.110,1st.and 2nd.Finish Coat Frames/Doors, 31 
NL:      000.00.0  ,  For standard cost code                     ,1, =    ,37,Bldg.37,1750D,Unit 1750D,40.300,"Exterior items(Wood,Railing,under porch,Lintels etc.)", 4 
NL:      000.00.0  ,  For standard cost code                     ,1, =    ,37,Bldg.37,1750D,Unit 1750D,40.301,"Drywall work (Drywall, finish,point up)", 41 
NL:      000.00.0  ,  For standard cost code                     ,1, =    ,37,Bldg.37,1750D,Unit 1750D,50.801,"Stair metal/Prep/Prime/Finish (stairs,walls,ceiling,handrails)", 40 
NL:      000.00.0  ,  For standard cost code                     ,1, =    ,37,Bldg.37,1752D,Unit 1752D,20.110,DW Ceiling/Walls Prime Coat, 17 
NL:      000.00.0  ,  For standard cost code                     ,1, =    ,37,Bldg.37,1752D,Unit 1752D,21.120,DW Walls/Columns 1st. Finish Coat, 15 
NL:      000.00.0  ,  For standard cost code                     ,1, =    ,37,Bldg.37,1752D,Unit 1752D,21.130,DW Walls/Columns 2nd.Finish Coat, 22 
NL:      000.00.0  ,  For standard cost code                     ,1, =    ,37,Bldg.37,1752D,Unit 1752D,22.120,DW Ceilings 1st.and 2nd.Finish Coat, 6 
NL:      000.00.0  ,  For standard cost code                     ,1, =    ,37,Bldg.37,1752D,Unit 1752D,28.100,Prep. Frames/Doors, 13 
NL:      000.00.0  ,  For standard cost code                     ,1, =    ,37,Bldg.37,1752D,Unit 1752D,28.110,1st.and 2nd.Finish Coat Frames/Doors, 31 
NL:      000.00.0  ,  For standard cost code                     ,1, =    ,37,Bldg.37,1752D,Unit 1752D,40.300,"Exterior items(Wood,Railing,under porch,Lintels etc.)", 4 
NL:      000.00.0  ,  For standard cost code                     ,1, =    ,37,Bldg.37,1752D,Unit 1752D,40.301,"Drywall work (Drywall, finish,point up)", 41 
NL:      000.00.0  ,  For standard cost code                     ,1, =    ,37,Bldg.37,1752D,Unit 1752D,50.801,"Stair metal/Prep/Prime/Finish (stairs,walls,ceiling,handrails)", 40 
NL:      000.00.0  ,  For standard cost code                     ,1, =    ,38,Bldg.38,3156C,Unit 3156C,20.110,DW Ceiling/Walls Prime Coat, 13 
NL:      000.00.0  ,  For standard cost code                     ,1, =    ,38,Bldg.38,3156C,Unit 3156C,21.120,DW Walls/Columns 1st. Finish Coat, 11 
NL:      000.00.0  ,  For standard cost code                     ,1, =    ,38,Bldg.38,3156C,Unit 3156C,21.130,DW Walls/Columns 2nd.Finish Coat, 16 
NL:      000.00.0  ,  For standard cost code                     ,1, =    ,38,Bldg.38,3156C,Unit 3156C,22.120,DW Ceilings 1st.and 2nd.Finish Coat, 4 
NL:      000.00.0  ,  For standard cost code                     ,1, =    ,38,Bldg.38,3156C,Unit 3156C,28.100,Prep. Frames/Doors, 12 
NL:      000.00.0  ,  For standard cost code                     ,1, =    ,38,Bldg.38,3156C,Unit 3156C,28.110,1st.and 2nd.Finish Coat Frames/Doors, 28 
NL:      000.00.0  ,  For standard cost code                     ,1, =    ,38,Bldg.38,3156C,Unit 3156C,40.300,"Exterior items(Wood,Railing,under porch,Lintels etc.)", 2 
NL:      000.00.0  ,  For standard cost code                     ,1, =    ,38,Bldg.38,3156C,Unit 3156C,40.301,"Drywall work (Drywall, finish,point up)", 35 
NL:      000.00.0  ,  For standard cost code                     ,1, =    ,38,Bldg.38,3156C,Unit 3156C,50.801,"Stair metal/Prep/Prime/Finish (stairs,walls,ceiling,handrails)", 40 
NL:      000.00.0  ,  For standard cost code                     ,1, =    ,38,Bldg.38,3200C,Unit 3200C,20.110,DW Ceiling/Walls Prime Coat, 13 
NL:      000.00.0  ,  For standard cost code                     ,1, =    ,38,Bldg.38,3200C,Unit 3200C,21.120,DW Walls/Columns 1st. Finish Coat, 11 
NL:      000.00.0  ,  For standard cost code                     ,1, =    ,38,Bldg.38,3200C,Unit 3200C,21.130,DW Walls/Columns 2nd.Finish Coat, 16 
NL:      000.00.0  ,  For standard cost code                     ,1, =    ,38,Bldg.38,3200C,Unit 3200C,22.120,DW Ceilings 1st.and 2nd.Finish Coat, 4 
NL:      000.00.0  ,  For standard cost code                     ,1, =    ,38,Bldg.38,3200C,Unit 3200C,28.100,Prep. Frames/Doors, 12 
NL:      000.00.0  ,  For standard cost code                     ,1, =    ,38,Bldg.38,3200C,Unit 3200C,28.110,1st.and 2nd.Finish Coat Frames/Doors, 28 
NL:      000.00.0  ,  For standard cost code                     ,1, =    ,38,Bldg.38,3200C,Unit 3200C,40.300,"Exterior items(Wood,Railing,under porch,Lintels etc.)", 2 
NL:      000.00.0  ,  For standard cost code                     ,1, =    ,38,Bldg.38,3200C,Unit 3200C,40.301,"Drywall work (Drywall, finish,point up)", 35 
NL:      000.00.0  ,  For standard cost code                     ,1, =    ,38,Bldg.38,3200C,Unit 3200C,50.801,"Stair metal/Prep/Prime/Finish (stairs,walls,ceiling,handrails)", 40 
NL:      000.00.0  ,  For standard cost code                     ,1, =    ,39,Bldg.39,3152D,Unit 3152D,20.110,DW Ceiling/Walls Prime Coat, 17 
NL:      000.00.0  ,  For standard cost code                     ,1, =    ,39,Bldg.39,3152D,Unit 3152D,21.120,DW Walls/Columns 1st. Finish Coat, 15 
NL:      000.00.0  ,  For standard cost code                     ,1, =    ,39,Bldg.39,3152D,Unit 3152D,21.130,DW Walls/Columns 2nd.Finish Coat, 22 
NL:      000.00.0  ,  For standard cost code                     ,1, =    ,39,Bldg.39,3152D,Unit 3152D,22.120,DW Ceilings 1st.and 2nd.Finish Coat, 6 
NL:      000.00.0  ,  For standard cost code                     ,1, =    ,39,Bldg.39,3152D,Unit 3152D,28.100,Prep. Frames/Doors, 13 
NL:      000.00.0  ,  For standard cost code                     ,1, =    ,39,Bldg.39,3152D,Unit 3152D,28.110,1st.and 2nd.Finish Coat Frames/Doors, 31 
NL:      000.00.0  ,  For standard cost code                     ,1, =    ,39,Bldg.39,3152D,Unit 3152D,40.300,"Exterior items(Wood,Railing,under porch,Lintels etc.)", 4 
NL:      000.00.0  ,  For standard cost code                     ,1, =    ,39,Bldg.39,3152D,Unit 3152D,40.301,"Drywall work (Drywall, finish,point up)", 41 
NL:      000.00.0  ,  For standard cost code                     ,1, =    ,39,Bldg.39,3152D,Unit 3152D,50.801,"Stair metal/Prep/Prime/Finish (stairs,walls,ceiling,handrails)", 40 
NL:      000.00.0  ,  For standard cost code                     ,1, =    ,39,Bldg.39,3154D,Unit 3154D,20.110,DW Ceiling/Walls Prime Coat, 17 
NL:      000.00.0  ,  For standard cost code                     ,1, =    ,39,Bldg.39,3154D,Unit 3154D,21.120,DW Walls/Columns 1st. Finish Coat, 15 
NL:      000.00.0  ,  For standard cost code                     ,1, =    ,39,Bldg.39,3154D,Unit 3154D,21.130,DW Walls/Columns 2nd.Finish Coat, 22 
NL:      000.00.0  ,  For standard cost code                     ,1, =    ,39,Bldg.39,3154D,Unit 3154D,22.120,DW Ceilings 1st.and 2nd.Finish Coat, 6 
NL:      000.00.0  ,  For standard cost code                     ,1, =    ,39,Bldg.39,3154D,Unit 3154D,28.100,Prep. Frames/Doors, 13 
NL:      000.00.0  ,  For standard cost code                     ,1, =    ,39,Bldg.39,3154D,Unit 3154D,28.110,1st.and 2nd.Finish Coat Frames/Doors, 31 
NL:      000.00.0  ,  For standard cost code                     ,1, =    ,39,Bldg.39,3154D,Unit 3154D,40.300,"Exterior items(Wood,Railing,under porch,Lintels etc.)", 4 
NL:      000.00.0  ,  For standard cost code                     ,1, =    ,39,Bldg.39,3154D,Unit 3154D,40.301,"Drywall work (Drywall, finish,point up)", 41 
NL:      000.00.0  ,  For standard cost code                     ,1, =    ,39,Bldg.39,3154D,Unit 3154D,50.801,"Stair metal/Prep/Prime/Finish (stairs,walls,ceiling,handrails)", 40 
NL:      000.00.0  ,  For standard cost code                     ,1, =    ,40,Bldg.40,1764A B ,Unit 1764A B ,20.110,DW Ceiling/Walls Prime Coat, 8 
NL:      000.00.0  ,  For standard cost code                     ,1, =    ,40,Bldg.40,1764A B ,Unit 1764A B ,21.120,DW Walls/Columns 1st. Finish Coat, 7 
NL:      000.00.0  ,  For standard cost code                     ,1, =    ,40,Bldg.40,1764A B ,Unit 1764A B ,21.130,DW Walls/Columns 2nd.Finish Coat, 10 
NL:      000.00.0  ,  For standard cost code                     ,1, =    ,40,Bldg.40,1764A B ,Unit 1764A B ,22.120,DW Ceilings 1st.and 2nd.Finish Coat, 2 
NL:      000.00.0  ,  For standard cost code                     ,1, =    ,40,Bldg.40,1764A B ,Unit 1764A B ,28.100,Prep. Frames/Doors, 6 
NL:      000.00.0  ,  For standard cost code                     ,1, =    ,40,Bldg.40,1764A B ,Unit 1764A B ,28.110,1st.and 2nd.Finish Coat Frames/Doors, 11 
NL:      000.00.0  ,  For standard cost code                     ,1, =    ,40,Bldg.40,1764A B ,Unit 1764A B ,40.300,"Exterior items(Wood,Railing,under porch,Lintels etc.)", 2 
NL:      000.00.0  ,  For standard cost code                     ,1, =    ,40,Bldg.40,1764A B ,Unit 1764A B ,40.301,"Drywall work (Drywall, finish,point up)", 14 
NL:      000.00.0  ,  For standard cost code                     ,1, =    ,40,Bldg.40,1764A B ,Unit 1764A B ,50.801,"Stair metal/Prep/Prime/Finish (stairs,walls,ceiling,handrails)", 10 
NL:      000.00.0  ,  For standard cost code                     ,1, =    ,40,Bldg.40,1764B B ,Unit 1764B B ,20.110,DW Ceiling/Walls Prime Coat, 8 
NL:      000.00.0  ,  For standard cost code                     ,1, =    ,40,Bldg.40,1764B B ,Unit 1764B B ,21.120,DW Walls/Columns 1st. Finish Coat, 7 
NL:      000.00.0  ,  For standard cost code                     ,1, =    ,40,Bldg.40,1764B B ,Unit 1764B B ,21.130,DW Walls/Columns 2nd.Finish Coat, 10 
NL:      000.00.0  ,  For standard cost code                     ,1, =    ,40,Bldg.40,1764B B ,Unit 1764B B ,22.120,DW Ceilings 1st.and 2nd.Finish Coat, 2 
NL:      000.00.0  ,  For standard cost code                     ,1, =    ,40,Bldg.40,1764B B ,Unit 1764B B ,28.100,Prep. Frames/Doors, 6 
NL:      000.00.0  ,  For standard cost code                     ,1, =    ,40,Bldg.40,1764B B ,Unit 1764B B ,28.110,1st.and 2nd.Finish Coat Frames/Doors, 11 
NL:      000.00.0  ,  For standard cost code                     ,1, =    ,40,Bldg.40,1764B B ,Unit 1764B B ,40.300,"Exterior items(Wood,Railing,under porch,Lintels etc.)", 2 
NL:      000.00.0  ,  For standard cost code                     ,1, =    ,40,Bldg.40,1764B B ,Unit 1764B B ,40.301,"Drywall work (Drywall, finish,point up)", 14 
NL:      000.00.0  ,  For standard cost code                     ,1, =    ,40,Bldg.40,1764B B ,Unit 1764B B ,50.801,"Stair metal/Prep/Prime/Finish (stairs,walls,ceiling,handrails)", 10 
NL:      000.00.0  ,  For standard cost code                     ,1, =    ,41,Bldg.41,1747A B ,Unit 1747A B ,20.110,DW Ceiling/Walls Prime Coat, 8 
NL:      000.00.0  ,  For standard cost code                     ,1, =    ,41,Bldg.41,1747A B ,Unit 1747A B ,21.120,DW Walls/Columns 1st. Finish Coat, 7 
NL:      000.00.0  ,  For standard cost code                     ,1, =    ,41,Bldg.41,1747A B ,Unit 1747A B ,21.130,DW Walls/Columns 2nd.Finish Coat, 10 
NL:      000.00.0  ,  For standard cost code                     ,1, =    ,41,Bldg.41,1747A B ,Unit 1747A B ,22.120,DW Ceilings 1st.and 2nd.Finish Coat, 2 
NL:      000.00.0  ,  For standard cost code                     ,1, =    ,41,Bldg.41,1747A B ,Unit 1747A B ,28.100,Prep. Frames/Doors, 6 
NL:      000.00.0  ,  For standard cost code                     ,1, =    ,41,Bldg.41,1747A B ,Unit 1747A B ,28.110,1st.and 2nd.Finish Coat Frames/Doors, 11 
NL:      000.00.0  ,  For standard cost code                     ,1, =    ,41,Bldg.41,1747A B ,Unit 1747A B ,40.300,"Exterior items(Wood,Railing,under porch,Lintels etc.)", 2 
NL:      000.00.0  ,  For standard cost code                     ,1, =    ,41,Bldg.41,1747A B ,Unit 1747A B ,40.301,"Drywall work (Drywall, finish,point up)", 14 
NL:      000.00.0  ,  For standard cost code                     ,1, =    ,41,Bldg.41,1747A B ,Unit 1747A B ,50.801,"Stair metal/Prep/Prime/Finish (stairs,walls,ceiling,handrails)", 10 
NL:      000.00.0  ,  For standard cost code                     ,1, =    ,41,Bldg.41,1747B B ,Unit 1747B B ,20.110,DW Ceiling/Walls Prime Coat, 8 
NL:      000.00.0  ,  For standard cost code                     ,1, =    ,41,Bldg.41,1747B B ,Unit 1747B B ,21.120,DW Walls/Columns 1st. Finish Coat, 7 
NL:      000.00.0  ,  For standard cost code                     ,1, =    ,41,Bldg.41,1747B B ,Unit 1747B B ,21.130,DW Walls/Columns 2nd.Finish Coat, 10 
NL:      000.00.0  ,  For standard cost code                     ,1, =    ,41,Bldg.41,1747B B ,Unit 1747B B ,22.120,DW Ceilings 1st.and 2nd.Finish Coat, 2 
NL:      000.00.0  ,  For standard cost code                     ,1, =    ,41,Bldg.41,1747B B ,Unit 1747B B ,28.100,Prep. Frames/Doors, 6 
NL:      000.00.0  ,  For standard cost code                     ,1, =    ,41,Bldg.41,1747B B ,Unit 1747B B ,28.110,1st.and 2nd.Finish Coat Frames/Doors, 11 
NL:      000.00.0  ,  For standard cost code                     ,1, =    ,41,Bldg.41,1747B B ,Unit 1747B B ,40.300,"Exterior items(Wood,Railing,under porch,Lintels etc.)", 2 
NL:      000.00.0  ,  For standard cost code                     ,1, =    ,41,Bldg.41,1747B B ,Unit 1747B B ,40.301,"Drywall work (Drywall, finish,point up)", 14 
NL:      000.00.0  ,  For standard cost code                     ,1, =    ,41,Bldg.41,1747B B ,Unit 1747B B ,50.801,"Stair metal/Prep/Prime/Finish (stairs,walls,ceiling,handrails)", 10 
NL:      000.00.0  ,  For standard cost code                     ,1, =    ,42,Bldg.42,1815D,Unit 1815D,20.110,DW Ceiling/Walls Prime Coat, 17 
NL:      000.00.0  ,  For standard cost code                     ,1, =    ,42,Bldg.42,1815D,Unit 1815D,21.120,DW Walls/Columns 1st. Finish Coat, 15 
NL:      000.00.0  ,  For standard cost code                     ,1, =    ,42,Bldg.42,1815D,Unit 1815D,21.130,DW Walls/Columns 2nd.Finish Coat, 22 
NL:      000.00.0  ,  For standard cost code                     ,1, =    ,42,Bldg.42,1815D,Unit 1815D,22.120,DW Ceilings 1st.and 2nd.Finish Coat, 6 
NL:      000.00.0  ,  For standard cost code                     ,1, =    ,42,Bldg.42,1815D,Unit 1815D,28.100,Prep. Frames/Doors, 13 
NL:      000.00.0  ,  For standard cost code                     ,1, =    ,42,Bldg.42,1815D,Unit 1815D,28.110,1st.and 2nd.Finish Coat Frames/Doors, 31 
NL:      000.00.0  ,  For standard cost code                     ,1, =    ,42,Bldg.42,1815D,Unit 1815D,40.300,"Exterior items(Wood,Railing,under porch,Lintels etc.)", 4 
NL:      000.00.0  ,  For standard cost code                     ,1, =    ,42,Bldg.42,1815D,Unit 1815D,40.301,"Drywall work (Drywall, finish,point up)", 41 
NL:      000.00.0  ,  For standard cost code                     ,1, =    ,42,Bldg.42,1815D,Unit 1815D,50.801,"Stair metal/Prep/Prime/Finish (stairs,walls,ceiling,handrails)", 40 
NL:      000.00.0  ,  For standard cost code                     ,1, =    ,42,Bldg.42,1817D,Unit 1817D,20.110,DW Ceiling/Walls Prime Coat, 17 
NL:      000.00.0  ,  For standard cost code                     ,1, =    ,42,Bldg.42,1817D,Unit 1817D,21.120,DW Walls/Columns 1st. Finish Coat, 15 
NL:      000.00.0  ,  For standard cost code                     ,1, =    ,42,Bldg.42,1817D,Unit 1817D,21.130,DW Walls/Columns 2nd.Finish Coat, 22 
NL:      000.00.0  ,  For standard cost code                     ,1, =    ,42,Bldg.42,1817D,Unit 1817D,22.120,DW Ceilings 1st.and 2nd.Finish Coat, 6 
NL:      000.00.0  ,  For standard cost code                     ,1, =    ,42,Bldg.42,1817D,Unit 1817D,28.100,Prep. Frames/Doors, 13 
NL:      000.00.0  ,  For standard cost code                     ,1, =    ,42,Bldg.42,1817D,Unit 1817D,28.110,1st.and 2nd.Finish Coat Frames/Doors, 31 
NL:      000.00.0  ,  For standard cost code                     ,1, =    ,42,Bldg.42,1817D,Unit 1817D,40.300,"Exterior items(Wood,Railing,under porch,Lintels etc.)", 4 
NL:      000.00.0  ,  For standard cost code                     ,1, =    ,42,Bldg.42,1817D,Unit 1817D,40.301,"Drywall work (Drywall, finish,point up)", 41 
NL:      000.00.0  ,  For standard cost code                     ,1, =    ,42,Bldg.42,1817D,Unit 1817D,50.801,"Stair metal/Prep/Prime/Finish (stairs,walls,ceiling,handrails)", 40 
NL:      000.00.0  ,  For standard cost code                     ,1, =    ,42,Bldg.42,1819D,Unit 1819D,20.110,DW Ceiling/Walls Prime Coat, 17 
NL:      000.00.0  ,  For standard cost code                     ,1, =    ,42,Bldg.42,1819D,Unit 1819D,21.120,DW Walls/Columns 1st. Finish Coat, 15 
NL:      000.00.0  ,  For standard cost code                     ,1, =    ,42,Bldg.42,1819D,Unit 1819D,21.130,DW Walls/Columns 2nd.Finish Coat, 22 
NL:      000.00.0  ,  For standard cost code                     ,1, =    ,42,Bldg.42,1819D,Unit 1819D,22.120,DW Ceilings 1st.and 2nd.Finish Coat, 6 
NL:      000.00.0  ,  For standard cost code                     ,1, =    ,42,Bldg.42,1819D,Unit 1819D,28.100,Prep. Frames/Doors, 13 
NL:      000.00.0  ,  For standard cost code                     ,1, =    ,42,Bldg.42,1819D,Unit 1819D,28.110,1st.and 2nd.Finish Coat Frames/Doors, 31 
NL:      000.00.0  ,  For standard cost code                     ,1, =    ,42,Bldg.42,1819D,Unit 1819D,40.300,"Exterior items(Wood,Railing,under porch,Lintels etc.)", 4 
NL:      000.00.0  ,  For standard cost code                     ,1, =    ,42,Bldg.42,1819D,Unit 1819D,40.301,"Drywall work (Drywall, finish,point up)", 41 
NL:      000.00.0  ,  For standard cost code                     ,1, =    ,42,Bldg.42,1819D,Unit 1819D,50.801,"Stair metal/Prep/Prime/Finish (stairs,walls,ceiling,handrails)", 40 
NL:      000.00.0  ,  For standard cost code                     ,1, =    ,43,Bldg.43,1821A B,Unit 1821A B ,20.110,DW Ceiling/Walls Prime Coat, 8 
NL:      000.00.0  ,  For standard cost code                     ,1, =    ,43,Bldg.43,1821A B ,Unit 1821A B ,21.120,DW Walls/Columns 1st. Finish Coat, 7 
NL:      000.00.0  ,  For standard cost code                     ,1, =    ,43,Bldg.43,1821A B ,Unit 1821A B ,21.130,DW Walls/Columns 2nd.Finish Coat, 10 
NL:      000.00.0  ,  For standard cost code                     ,1, =    ,43,Bldg.43,1821A B ,Unit 1821A B ,22.120,DW Ceilings 1st.and 2nd.Finish Coat, 2 
NL:      000.00.0  ,  For standard cost code                     ,1, =    ,43,Bldg.43,1821A B ,Unit 1821A B ,28.100,Prep. Frames/Doors, 6 
NL:      000.00.0  ,  For standard cost code                     ,1, =    ,43,Bldg.43,1821A B ,Unit 1821A B ,28.110,1st.and 2nd.Finish Coat Frames/Doors, 11 
NL:      000.00.0  ,  For standard cost code                     ,1, =    ,43,Bldg.43,1821A B ,Unit 1821A B ,40.300,"Exterior items(Wood,Railing,under porch,Lintels etc.)", 2 
NL:      000.00.0  ,  For standard cost code                     ,1, =    ,43,Bldg.43,1821A B ,Unit 1821A B ,40.301,"Drywall work (Drywall, finish,point up)", 14 
NL:      000.00.0  ,  For standard cost code                     ,1, =    ,43,Bldg.43,1821A B ,Unit 1821A B ,50.801,"Stair metal/Prep/Prime/Finish (stairs,walls,ceiling,handrails)", 10 
NL:      000.00.0  ,  For standard cost code                     ,1, =    ,43,Bldg.43,1821B B,Unit 1821B B,20.110,DW Ceiling/Walls Prime Coat, 8 
NL:      000.00.0  ,  For standard cost code                     ,1, =    ,43,Bldg.43,1821B B,Unit 1821B B,21.120,DW Walls/Columns 1st. Finish Coat, 7 
NL:      000.00.0  ,  For standard cost code                     ,1, =    ,43,Bldg.43,1821B B,Unit 1821B B,21.130,DW Walls/Columns 2nd.Finish Coat, 10 
NL:      000.00.0  ,  For standard cost code                     ,1, =    ,43,Bldg.43,1821B B,Unit 1821B B,22.120,DW Ceilings 1st.and 2nd.Finish Coat, 2 
NL:      000.00.0  ,  For standard cost code                     ,1, =    ,43,Bldg.43,1821B B,Unit 1821B B,28.100,Prep. Frames/Doors, 6 
NL:      000.00.0  ,  For standard cost code                     ,1, =    ,43,Bldg.43,1821B B,Unit 1821B B,28.110,1st.and 2nd.Finish Coat Frames/Doors, 11 
NL:      000.00.0  ,  For standard cost code                     ,1, =    ,43,Bldg.43,1821B B,Unit 1821B B,40.300,"Exterior items(Wood,Railing,under porch,Lintels etc.)", 2 
NL:      000.00.0  ,  For standard cost code                     ,1, =    ,43,Bldg.43,1821B B,Unit 1821B B,40.301,"Drywall work (Drywall, finish,point up)", 14 
NL:      000.00.0  ,  For standard cost code                     ,1, =    ,43,Bldg.43,1821B B,Unit 1821B B,50.801,"Stair metal/Prep/Prime/Finish (stairs,walls,ceiling,handrails)", 10 
